school,sex,age,address,famsize,Pstatus,Medu,Fedu,traveltime,studytime,failures,schoolsup,famsup,paid,activities,nursery,higher,internet,romantic,famrel,freetime,goout,Dalc,Walc,health,absences,G1,G2,G3,Mjob_at_home,Mjob_health,Mjob_other,Mjob_services,Mjob_teacher,Fjob_at_home,Fjob_health,Fjob_other,Fjob_services,Fjob_teacher,reason_course,reason_home,reason_other,reason_reputation,guardian_father,guardian_mother,guardian_other
0,1,17,0,0,1,3,3,2,2,0,1,1,0,0,0,0,1,0,3,3,3,2,3,4,8,10,10,10,0,0,1,0,0,0,0,1,0,0,0,1,0,0,1,0,0
1,1,17,0,0,1,2,3,2,2,1,1,1,0,0,0,0,1,1,4,3,3,2,3,4,5,10,9,10,0,0,1,0,0,0,0,1,0,0,1,0,0,0,1,0,0
0,0,16,0,0,1,3,2,1,2,0,1,1,0,1,0,0,1,0,4,3,3,1,2,3,4,12,11,12,0,0,1,0,0,0,0,1,0,0,0,0,0,1,0,1,0
0,1,17,0,0,1,3,3,2,2,0,1,1,0,0,0,0,1,0,4,3,3,2,3,4,8,10,10,10,0,0,0,1,0,0,0,0,0,1,1,0,0,0,0,1,0
0,0,16,0,0,1,3,3,1,2,0,1,1,0,1,0,0,1,0,4,3,3,1,2,3,5,11,11,12,0,0,0,0,1,0,0,1,0,0,0,0,0,1,0,1,0
0,0,16,0,0,1,2,2,2,2,0,1,1,0,1,0,0,1,0,4,3,3,1,2,3,2,11,11,11,1,0,0,0,0,0,0,1,0,0,1,0,0,0,0,1,0
0,1,16,0,0,1,3,3,1,2,0,1,1,0,0,0,0,1,0,4,3,3,2,2,4,8,11,11,11,0,0,0,0,1,0,0,1,0,0,0,1,0,0,0,1,0
0,1,17,0,0,1,3,3,2,2,1,1,1,0,0,0,0,1,0,4,3,3,2,3,4,10,11,11,12,0,0,0,1,0,0,0,1,0,0,0,1,0,0,1,0,0
0,1,17,0,0,1,2,2,2,2,1,1,0,0,1,0,0,1,0,4,3,3,2,2,4,6,10,10,11,0,0,1,0,0,0,0,1,0,0,0,0,0,1,0,0,1
0,0,17,1,0,1,2,2,2,2,0,1,0,0,0,0,0,1,0,4,3,3,2,2,3,6,11,10,10,0,0,1,0,0,0,0,1,0,0,0,0,1,0,0,1,0
0,1,17,0,0,1,3,3,1,2,0,1,1,0,0,0,0,1,1,4,3,3,2,3,4,11,10,10,11,0,0,1,0,0,0,0,1,0,0,0,1,0,0,0,1,0
0,1,17,0,0,1,3,2,2,2,0,1,1,0,1,0,0,1,0,4,3,3,2,3,4,9,11,11,12,0,0,1,0,0,0,0,1,0,0,0,0,0,1,1,0,0
1,0,17,1,0,1,2,2,2,2,1,1,1,0,0,0,0,0,1,4,3,3,2,3,4,9,9,9,9,1,0,0,0,0,0,0,1,0,0,1,0,0,0,0,1,0
0,0,17,0,0,1,2,2,2,2,0,1,0,0,1,0,0,1,1,4,3,3,2,3,3,7,10,10,10,1,0,0,0,0,0,0,0,1,0,0,0,1,0,0,1,0
0,1,17,0,0,1,3,3,2,2,1,1,1,0,0,1,0,1,1,3,3,3,2,3,4,11,10,10,10,0,0,1,0,0,1,0,0,0,0,0,1,0,0,0,0,1
1,0,17,1,0,1,2,2,2,2,1,1,1,0,0,0,0,0,1,4,3,3,2,2,3,7,9,9,9,1,0,0,0,0,0,0,1,0,0,1,0,0,0,0,1,0
0,1,17,0,0,1,3,3,1,2,0,1,1,0,1,0,0,1,0,4,3,3,2,3,4,9,12,12,12,0,0,0,1,0,0,0,1,0,0,0,1,0,0,1,0,0
0,0,17,0,0,1,3,3,2,2,0,1,1,0,1,0,0,1,0,4,3,3,2,2,3,3,11,12,11,0,0,1,0,0,0,0,0,1,0,0,0,0,1,1,0,0
0,1,16,0,0,1,3,3,2,2,0,1,1,0,0,0,0,1,0,4,3,3,2,2,4,4,11,10,11,0,0,0,1,0,0,0,1,0,0,1,0,0,0,1,0,0
0,0,16,0,0,1,3,3,1,2,0,1,1,0,1,0,0,1,0,4,3,3,1,2,4,3,12,12,13,0,0,0,0,1,0,0,1,0,0,1,0,0,0,0,1,0
1,0,18,1,0,1,1,1,2,2,1,1,1,0,0,0,1,0,0,4,3,3,2,3,4,4,8,8,9,1,0,0,0,0,0,0,1,0,0,1,0,0,0,0,1,0
0,1,17,0,0,1,3,2,2,2,1,1,1,0,0,0,0,1,1,3,3,3,2,3,3,13,9,10,10,0,0,1,0,0,0,0,0,1,0,0,1,0,0,0,1,0
0,1,17,0,0,1,3,3,1,2,0,1,1,0,1,0,0,1,0,4,3,3,2,3,4,9,12,11,12,0,0,0,1,0,0,0,1,0,0,0,0,0,1,0,1,0
0,1,17,0,0,1,2,2,2,2,0,1,0,0,0,0,0,1,0,4,3,3,2,2,3,9,10,10,11,0,0,1,0,0,0,0,1,0,0,0,0,0,1,0,1,0
0,1,17,0,0,1,3,3,2,2,1,1,1,0,0,0,0,1,1,4,3,3,2,3,4,7,10,9,10,0,0,0,1,0,0,0,0,0,1,1,0,0,0,0,1,0
1,0,17,0,0,1,1,2,2,2,0,1,1,0,0,0,0,0,0,4,3,3,2,3,3,7,10,10,9,1,0,0,0,0,1,0,0,0,0,0,1,0,0,0,1,0
0,0,17,0,0,1,3,3,2,2,0,1,1,0,0,0,0,1,0,4,3,3,2,2,4,3,11,11,11,0,0,1,0,0,0,0,0,1,0,1,0,0,0,1,0,0
0,0,17,0,0,1,3,2,2,2,1,1,1,0,1,0,0,1,0,4,3,3,2,3,3,6,10,10,11,0,0,0,1,0,0,0,0,1,0,0,0,0,1,1,0,0
0,1,17,0,0,1,3,3,1,2,0,1,1,0,0,0,0,1,0,4,3,3,2,3,4,11,11,11,11,0,0,0,0,1,0,0,0,1,0,0,1,0,0,0,1,0
1,0,17,1,0,1,2,2,2,2,1,1,1,0,0,0,0,1,1,4,3,3,2,3,4,9,9,9,10,0,0,1,0,0,0,0,1,0,0,1,0,0,0,0,0,1
0,0,17,0,0,1,3,3,1,2,0,1,1,0,1,0,0,1,0,4,3,3,2,2,3,7,11,11,11,0,0,0,0,1,0,0,0,1,0,0,0,0,1,0,1,0
0,0,16,0,0,1,4,3,1,2,0,1,1,0,1,0,0,1,0,4,3,3,1,2,4,6,12,12,13,0,0,0,0,1,0,0,0,0,1,0,1,0,0,0,1,0
1,0,17,0,0,1,2,2,2,2,0,1,1,0,0,0,0,1,0,4,3,3,2,2,3,3,10,11,10,1,0,0,0,0,0,0,0,1,0,1,0,0,0,1,0,0
0,1,17,0,0,1,3,3,2,2,1,1,1,0,0,0,0,1,1,4,3,3,2,3,4,8,10,10,11,0,0,1,0,0,0,0,1,0,0,1,0,0,0,1,0,0
1,0,17,1,0,1,1,2,2,2,0,1,0,0,1,0,0,1,0,4,3,3,1,2,3,5,10,10,10,1,0,0,0,0,0,0,1,0,0,0,0,1,0,0,1,0
0,1,16,0,0,1,3,3,1,2,0,1,1,0,1,0,0,1,0,4,3,3,2,2,4,5,12,12,13,0,0,0,1,0,0,1,0,0,0,0,0,0,1,1,0,0
0,1,17,0,0,1,3,3,1,2,1,1,1,0,0,0,0,1,0,4,3,3,2,3,4,10,11,11,11,0,0,0,1,0,0,0,1,0,0,0,1,0,0,0,1,0
1,0,17,1,0,1,1,1,2,2,1,1,0,0,0,0,0,1,0,4,3,3,2,2,4,6,9,9,9,0,0,1,0,0,0,0,1,0,0,0,1,0,0,0,1,0
0,0,17,0,0,1,2,2,2,2,1,1,1,0,0,0,0,1,1,4,3,3,2,3,4,9,10,9,10,0,0,1,0,0,0,0,1,0,0,0,1,0,0,0,1,0
0,0,17,0,0,1,3,2,1,2,0,1,1,0,0,0,0,1,0,4,3,3,2,2,4,9,10,10,10,0,0,1,0,0,0,0,1,0,0,0,1,0,0,0,1,0
1,0,17,1,0,1,1,1,2,2,1,1,0,0,1,0,0,1,0,4,3,3,1,2,3,4,9,9,9,0,0,1,0,0,0,0,1,0,0,1,0,0,0,0,1,0
0,0,17,0,0,1,2,2,2,2,1,1,1,0,0,0,0,0,0,3,3,3,2,3,4,7,10,9,10,1,0,0,0,0,0,0,1,0,0,0,1,0,0,0,0,1
0,1,17,0,0,1,3,3,1,2,0,1,1,0,1,0,0,1,0,4,3,3,2,2,4,7,12,11,12,0,0,0,1,0,0,0,0,1,0,0,0,0,1,0,1,0
0,1,17,0,0,1,3,3,1,2,0,1,1,0,0,0,0,1,1,4,3,3,2,3,4,10,10,10,11,0,0,1,0,0,0,0,1,0,0,0,1,0,0,0,1,0
0,1,17,0,0,1,3,2,2,2,1,1,1,0,0,0,0,1,1,3,3,3,2,3,4,11,10,10,11,0,0,1,0,0,0,0,1,0,0,0,0,0,1,0,0,1
1,0,17,1,0,1,1,1,2,2,0,1,1,0,1,0,0,0,0,4,3,3,1,2,3,4,10,10,10,1,0,0,0,0,0,0,1,0,0,0,0,1,0,0,1,0
1,1,18,0,0,1,2,2,2,2,1,1,0,0,0,0,0,1,1,4,3,3,2,3,3,7,10,10,10,0,0,1,0,0,0,0,0,1,0,0,0,1,0,1,0,0
0,0,16,0,0,1,4,3,1,3,0,1,1,0,1,0,0,1,0,4,3,3,1,1,4,1,13,14,14,0,0,0,0,1,0,0,0,0,1,1,0,0,0,0,1,0
0,1,17,0,0,1,3,3,2,2,1,1,1,0,1,0,0,1,0,4,3,3,2,3,4,7,10,10,11,0,0,0,1,0,0,0,1,0,0,1,0,0,0,1,0,0
0,1,17,0,0,1,3,3,1,2,0,1,1,0,0,0,0,1,0,4,3,3,2,3,4,7,11,11,11,0,0,0,0,1,0,0,1,0,0,0,1,0,0,0,0,1
0,1,17,0,0,1,3,3,1,2,0,1,1,0,1,0,0,1,0,4,3,3,2,3,4,8,12,12,12,0,0,0,1,0,0,0,0,0,1,0,1,0,0,0,1,0
0,0,17,0,0,1,2,2,2,2,0,1,1,0,0,0,0,0,0,4,3,3,1,2,4,3,10,9,10,1,0,0,0,0,0,0,1,0,0,1,0,0,0,0,1,0
1,1,17,0,0,1,2,2,2,2,1,1,1,0,0,0,0,1,1,4,3,3,2,3,4,4,10,9,10,0,0,1,0,0,0,0,0,1,0,1,0,0,0,0,1,0
0,1,17,0,0,1,2,2,1,2,0,1,0,0,0,0,0,1,0,4,3,3,1,2,4,3,11,12,12,0,0,1,0,0,0,0,1,0,0,0,1,0,0,0,1,0
0,1,17,0,0,1,3,3,2,2,1,1,1,0,0,0,0,1,1,3,3,3,2,3,4,8,9,9,10,0,0,1,0,0,0,0,1,0,0,1,0,0,0,0,1,0
0,1,17,0,0,1,3,2,2,2,0,1,0,0,0,0,0,1,0,4,4,4,1,3,4,2,10,11,10,0,0,1,0,0,0,0,1,0,0,1,0,0,0,0,1,0
0,1,16,0,0,1,4,3,1,2,0,1,1,0,1,0,0,1,0,4,4,3,1,2,4,2,13,12,13,0,0,0,1,0,0,0,1,0,0,1,0,0,0,0,1,0
1,1,17,1,0,1,2,2,2,2,1,1,1,0,0,0,0,0,1,3,3,3,2,3,3,10,9,9,10,1,0,0,0,0,1,0,0,0,0,1,0,0,0,0,1,0
1,0,18,1,0,1,1,2,2,2,1,1,1,0,0,0,1,0,0,4,3,3,2,2,4,4,8,9,9,1,0,0,0,0,0,0,1,0,0,1,0,0,0,0,0,1
1,1,17,0,0,1,2,2,2,2,1,1,1,0,0,0,0,1,1,4,3,3,2,3,4,6,10,10,10,0,0,0,1,0,0,0,0,1,0,1,0,0,0,0,1,0
0,0,16,0,0,1,4,3,1,2,0,1,1,0,1,0,0,1,0,4,3,3,1,2,3,5,11,12,12,0,0,0,0,1,0,1,0,0,0,0,0,0,1,0,1,0
0,0,17,1,0,1,2,2,2,2,0,1,1,0,1,0,0,0,0,4,3,3,1,2,4,4,10,9,10,1,0,0,0,0,0,0,1,0,0,1,0,0,0,0,1,0
1,0,17,0,0,1,2,2,2,2,1,1,1,0,0,0,0,0,1,4,3,3,2,3,4,6,10,10,10,1,0,0,0,0,1,0,0,0,0,1,0,0,0,1,0,0
0,1,16,0,0,1,3,3,1,2,0,1,1,0,1,0,0,1,0,4,3,3,2,2,4,3,11,11,11,0,0,0,1,0,0,0,0,1,0,1,0,0,0,0,1,0
0,1,17,0,0,1,2,2,2,2,1,1,1,0,0,0,0,1,0,4,3,3,2,2,4,6,10,10,10,0,0,1,0,0,0,0,1,0,0,1,0,0,0,0,0,1
1,0,17,1,0,1,2,2,2,2,1,1,1,0,0,0,0,0,1,4,3,3,2,3,4,10,9,9,9,1,0,0,0,0,0,0,1,0,0,1,0,0,0,0,1,0
0,0,16,0,0,1,3,3,1,2,0,1,1,0,1,0,0,1,0,4,3,3,1,2,4,3,12,12,13,0,0,0,1,0,0,1,0,0,0,0,0,0,1,1,0,0
0,0,16,0,0,1,4,3,1,2,0,1,1,0,1,0,0,1,0,4,3,3,1,2,3,3,12,13,13,0,0,0,0,1,0,0,1,0,0,0,1,0,0,0,1,0
0,1,17,0,0,1,3,3,1,2,0,1,1,0,1,0,0,1,0,4,4,3,1,2,4,5,13,13,13,0,0,0,1,0,0,0,1,0,0,0,0,0,1,0,1,0
1,0,17,1,0,1,2,2,2,2,1,1,1,0,0,0,0,1,1,3,3,3,2,3,3,12,9,9,10,0,0,1,0,0,0,0,1,0,0,0,1,0,0,0,0,1
0,0,17,0,0,1,3,3,2,2,0,1,1,0,1,0,0,1,0,3,3,3,2,2,3,8,11,11,12,0,0,0,0,1,0,0,1,0,0,0,0,0,1,0,1,0
0,0,16,0,0,1,3,3,1,2,0,1,1,0,1,0,0,1,0,4,3,3,1,2,3,5,11,12,12,0,0,0,0,1,0,0,0,1,0,0,0,0,1,0,1,0
0,0,16,0,0,1,3,2,1,2,0,1,1,0,1,0,0,1,0,4,3,3,1,2,3,2,12,12,13,0,0,1,0,0,0,0,1,0,0,0,0,0,1,0,1,0
0,0,16,0,0,1,4,3,1,2,0,1,1,0,1,0,0,1,0,4,3,3,1,2,4,3,14,13,14,0,0,0,1,0,0,0,0,0,1,0,0,0,1,0,1,0
0,0,17,0,0,1,3,3,2,2,0,1,1,0,0,0,0,1,0,4,3,3,2,2,3,5,11,11,12,0,0,1,0,0,0,0,1,0,0,0,0,0,1,1,0,0
0,0,17,0,0,1,3,3,2,2,0,1,1,0,1,0,0,1,0,4,3,3,2,3,3,4,11,11,11,0,0,1,0,0,0,0,0,1,0,0,0,0,1,1,0,0
0,0,17,0,0,1,3,3,1,2,0,1,1,0,1,0,0,1,0,4,3,3,1,2,4,5,11,11,12,0,0,0,0,1,0,0,0,0,1,1,0,0,0,0,1,0
0,0,17,1,0,1,2,2,2,2,0,1,1,0,1,0,0,1,0,4,3,3,1,2,3,2,11,10,10,0,0,1,0,0,0,0,1,0,0,1,0,0,0,0,1,0
0,0,17,0,0,1,3,2,1,2,0,1,1,0,1,0,0,1,1,4,3,3,2,2,3,8,10,11,11,0,0,1,0,0,0,0,0,1,0,0,1,0,0,0,1,0
0,1,17,0,0,1,2,2,1,2,0,1,1,0,0,0,0,1,0,4,3,3,1,2,4,6,11,11,12,0,0,1,0,0,0,0,1,0,0,0,1,0,0,0,0,1
0,1,17,0,0,1,3,3,2,2,1,1,1,0,0,0,0,1,0,4,3,3,2,3,4,4,10,11,10,0,0,0,1,0,0,0,0,1,0,1,0,0,0,0,1,0
0,1,17,0,0,1,2,2,1,2,0,1,0,0,1,0,0,1,0,4,3,4,1,3,4,3,11,12,11,0,0,1,0,0,0,0,1,0,0,1,0,0,0,0,1,0
0,0,16,0,0,1,4,3,1,2,0,1,1,0,1,0,0,1,0,4,3,3,1,2,4,3,13,12,14,0,0,0,0,1,0,0,1,0,0,0,0,0,1,0,1,0
0,1,17,0,0,1,2,2,2,2,1,1,1,0,0,0,0,0,0,4,3,4,2,3,4,3,9,9,9,0,0,1,0,0,0,0,1,0,0,1,0,0,0,0,1,0
0,0,17,0,0,1,2,2,2,2,0,1,1,0,0,0,0,1,0,4,3,3,1,2,3,6,10,10,10,0,0,1,0,0,0,0,1,0,0,0,1,0,0,0,1,0
0,0,17,1,0,1,2,3,2,2,0,1,1,0,0,0,0,1,0,4,3,3,2,2,3,6,10,11,11,0,0,1,0,0,0,0,1,0,0,0,0,0,1,1,0,0
1,0,18,1,0,1,1,1,2,2,1,1,0,0,0,0,1,0,0,4,3,3,2,3,3,4,9,10,9,1,0,0,0,0,0,0,0,1,0,0,0,1,0,1,0,0
0,0,17,0,0,1,3,3,2,2,1,1,1,0,1,0,0,1,1,4,3,3,2,3,3,7,10,10,11,0,0,0,1,0,0,0,0,1,0,0,0,0,1,1,0,0
0,1,17,0,0,1,3,2,1,2,1,1,0,0,1,0,0,1,0,4,3,3,2,3,4,7,11,12,11,0,0,0,1,0,0,0,1,0,0,0,0,0,1,0,1,0
0,0,17,0,0,1,2,2,2,2,0,1,1,0,0,0,0,1,0,4,3,3,2,3,4,9,10,10,10,0,0,1,0,0,0,0,1,0,0,0,1,0,0,0,1,0
0,0,16,0,0,1,4,3,1,2,0,1,1,0,1,0,0,1,0,4,3,3,1,2,3,3,12,13,14,0,0,0,0,1,0,0,1,0,0,0,0,0,1,0,1,0
1,1,18,1,0,1,1,1,2,2,1,1,0,0,0,0,1,1,0,4,3,3,2,3,3,3,9,10,9,1,0,0,0,0,0,0,0,1,0,0,0,1,0,0,0,1
1,0,17,0,0,1,2,2,2,2,0,1,1,0,0,0,0,0,0,4,3,3,1,2,4,4,10,9,10,1,0,0,0,0,1,0,0,0,0,1,0,0,0,0,1,0
0,1,17,0,0,1,3,3,2,2,1,1,1,0,1,0,0,1,0,4,3,3,2,3,4,11,11,11,11,0,1,0,0,0,0,0,1,0,0,0,1,0,0,1,0,0
0,1,17,0,0,1,3,3,1,2,0,1,0,0,1,0,0,1,0,4,3,3,2,3,3,5,11,11,11,0,0,1,0,0,0,0,0,1,0,0,1,0,0,1,0,0
0,1,17,0,0,1,3,3,2,2,1,1,1,0,0,0,0,1,1,3,3,3,2,3,4,13,10,10,10,0,0,1,0,0,0,0,1,0,0,0,1,0,0,0,1,0
0,1,17,0,0,1,3,3,2,2,1,1,1,0,1,0,0,1,0,3,3,3,2,3,4,9,10,10,11,0,0,0,1,0,0,0,0,1,0,0,0,0,1,1,0,0
0,0,17,0,0,1,3,3,1,2,0,1,1,0,1,0,0,1,0,4,3,3,1,2,3,5,11,11,11,0,0,0,0,1,0,0,0,1,0,1,0,0,0,0,1,0
1,0,17,0,0,1,1,2,2,2,0,1,1,0,0,0,0,0,0,4,3,3,1,2,4,3,10,9,9,1,0,0,0,0,1,0,0,0,0,1,0,0,0,0,1,0
0,0,16,0,0,1,3,3,1,2,0,1,1,0,1,0,0,1,0,4,3,3,1,2,3,2,12,13,13,0,0,0,0,1,0,0,1,0,0,0,0,0,1,0,1,0
0,0,16,0,0,1,3,3,1,2,0,1,1,0,1,0,0,1,0,4,3,3,2,2,4,2,12,12,13,0,0,0,1,0,0,0,0,1,0,0,0,0,1,1,0,0
0,0,17,0,0,1,3,3,2,2,1,1,1,0,0,0,0,1,1,4,3,3,2,3,4,6,10,9,10,0,0,1,0,0,0,0,1,0,0,1,0,0,0,1,0,0
0,1,17,0,0,1,3,3,2,2,0,1,1,0,0,0,0,1,0,4,3,3,2,3,4,9,11,11,12,0,0,1,0,0,0,0,1,0,0,0,1,0,0,1,0,0
0,1,17,0,0,1,3,3,2,2,0,1,1,0,1,0,0,1,0,4,4,3,1,2,4,3,11,11,11,0,0,0,0,1,0,0,1,0,0,1,0,0,0,0,1,0
1,0,17,1,0,1,2,2,2,2,1,1,1,0,0,0,0,1,0,4,3,3,2,3,3,9,10,10,11,1,0,0,0,0,0,0,1,0,0,0,0,1,0,1,0,0
0,1,17,0,0,1,3,3,1,2,1,1,1,0,1,0,0,1,0,4,3,3,2,3,4,10,12,11,12,0,0,0,1,0,0,0,1,0,0,0,1,0,0,0,1,0
0,0,17,0,0,1,2,2,2,2,0,1,1,0,1,0,0,0,0,4,3,3,1,2,3,7,10,10,10,1,0,0,0,0,1,0,0,0,0,1,0,0,0,0,1,0
0,1,17,0,0,1,2,2,2,2,0,1,1,0,1,0,0,1,0,4,3,3,2,2,3,6,10,10,11,0,0,1,0,0,0,0,1,0,0,1,0,0,0,1,0,0
0,0,17,0,0,1,2,2,2,2,0,1,1,0,1,0,0,1,0,4,2,3,1,2,3,4,10,11,10,1,0,0,0,0,0,0,0,1,0,0,1,0,0,0,1,0
0,0,17,0,0,1,3,3,1,2,0,1,1,0,0,0,0,1,1,3,3,3,2,2,3,10,10,11,11,1,0,0,0,0,0,0,0,0,1,0,1,0,0,0,1,0
0,0,17,0,0,1,3,3,1,2,0,1,1,0,1,0,0,1,0,4,3,3,1,2,3,6,11,12,12,0,0,0,0,1,0,0,0,1,0,0,0,0,1,0,1,0
1,1,17,1,0,1,2,2,2,2,1,1,0,0,0,0,0,1,1,4,3,3,2,3,3,9,10,10,10,1,0,0,0,0,0,0,0,1,0,0,0,1,0,0,1,0
0,1,16,0,0,1,4,3,1,2,0,1,1,0,1,0,0,1,0,4,3,3,1,2,4,6,13,12,13,0,0,0,1,0,0,0,1,0,0,0,0,0,1,0,1,0
0,1,17,0,0,1,3,3,2,2,1,1,1,0,1,0,0,1,0,4,3,3,2,3,4,7,10,10,11,0,0,0,1,0,0,0,0,1,0,0,0,0,1,1,0,0
1,0,18,1,0,1,1,1,2,2,1,1,0,0,0,0,0,1,0,4,3,3,2,2,3,6,9,10,9,0,0,1,0,0,0,0,1,0,0,0,0,1,0,0,1,0
1,1,18,0,0,1,3,2,2,2,1,1,0,0,0,0,0,1,1,4,3,3,2,3,3,11,10,10,10,0,0,1,0,0,0,0,0,1,0,0,0,1,0,0,1,0
0,1,16,0,0,1,3,3,1,2,0,1,1,0,1,0,0,1,0,4,3,3,2,2,4,7,12,12,12,0,0,0,1,0,0,0,0,0,1,0,0,0,1,0,1,0
0,1,17,0,0,1,3,3,2,2,0,1,1,0,0,0,0,1,0,4,4,3,2,3,4,3,10,10,10,0,0,0,1,0,0,0,1,0,0,1,0,0,0,0,1,0
0,0,17,0,0,1,2,2,2,2,1,1,0,0,0,0,0,1,0,4,3,3,2,2,3,8,10,10,11,0,0,1,0,0,0,0,1,0,0,0,1,0,0,0,0,1
1,0,17,1,0,1,2,2,2,2,1,1,0,0,0,0,0,1,1,3,3,3,2,3,3,10,9,9,10,1,0,0,0,0,0,0,1,0,0,0,0,1,0,0,1,0
0,1,16,0,0,1,3,3,1,2,0,1,1,0,1,0,0,1,0,4,3,3,2,2,4,7,13,12,13,0,0,0,1,0,0,0,0,0,1,0,1,0,0,0,1,0
0,0,16,0,0,1,3,3,1,2,0,1,1,0,1,0,0,1,0,4,3,3,1,2,3,6,10,11,11,0,0,0,0,1,0,0,0,1,0,0,0,0,1,0,1,0
0,0,16,0,0,1,3,3,1,2,0,1,1,0,1,0,0,1,0,4,3,3,1,2,3,3,12,13,13,0,0,0,0,1,0,0,1,0,0,0,0,0,1,0,1,0
0,1,17,0,0,1,3,3,2,2,1,1,1,0,0,0,0,1,0,3,3,3,2,3,4,10,11,11,11,0,1,0,0,0,0,0,0,0,1,0,1,0,0,1,0,0
0,1,17,0,0,1,3,2,2,2,1,1,1,0,0,0,0,1,0,4,3,3,2,3,4,10,10,10,10,0,0,0,1,0,0,0,1,0,0,1,0,0,0,0,1,0
0,0,16,0,0,1,3,3,1,2,0,1,1,0,0,0,0,1,0,4,3,3,1,2,3,5,11,12,12,0,0,0,0,1,0,0,1,0,0,0,1,0,0,0,1,0
0,0,17,0,0,1,3,3,1,2,0,1,1,0,0,0,0,1,1,4,3,3,2,2,3,8,10,10,11,0,0,1,0,0,0,0,1,0,0,0,1,0,0,0,1,0
1,0,17,1,0,1,2,2,2,2,0,1,1,0,0,0,0,0,0,3,3,3,2,3,3,8,10,10,10,1,0,0,0,0,0,0,1,0,0,0,1,0,0,0,1,0
0,1,17,0,0,1,3,3,1,2,1,1,1,0,1,0,0,1,0,4,3,3,2,3,4,9,12,12,12,0,0,0,1,0,0,0,1,0,0,0,0,0,1,0,1,0
0,1,17,0,0,1,3,3,1,2,1,1,1,0,1,0,0,1,0,4,3,3,2,3,4,9,11,11,10,0,0,0,1,0,0,0,0,1,0,0,1,0,0,0,1,0
0,0,16,0,0,1,3,3,1,2,0,1,1,0,1,0,0,1,0,4,3,3,1,2,3,4,12,12,13,0,0,0,0,1,0,0,1,0,0,0,0,0,1,0,1,0
1,0,17,1,0,1,2,2,2,2,1,1,1,0,0,0,0,1,0,4,3,3,2,2,3,7,9,9,10,1,0,0,0,0,0,0,1,0,0,0,1,0,0,0,0,1
1,0,17,0,0,1,2,2,2,2,1,1,0,0,0,0,0,1,1,4,3,3,2,3,4,4,10,10,10,0,0,1,0,0,0,0,0,1,0,1,0,0,0,0,1,0
1,0,17,0,0,1,2,2,2,2,0,1,0,0,0,0,0,1,1,4,3,3,2,3,3,4,10,10,10,0,0,1,0,0,0,0,0,1,0,0,0,0,1,1,0,0
0,1,16,0,0,1,3,3,1,2,0,1,1,0,0,0,0,1,0,4,4,3,1,2,4,2,12,11,12,0,0,0,1,0,0,0,1,0,0,1,0,0,0,0,1,0
1,1,17,1,0,1,2,2,2,2,1,1,1,0,0,1,0,1,1,4,3,3,2,3,4,6,9,9,9,0,0,1,0,0,0,0,1,0,0,1,0,0,0,0,1,0
0,1,17,0,0,1,3,3,2,2,1,1,1,0,1,0,0,1,0,4,3,3,2,3,4,7,11,10,11,0,0,0,1,0,0,0,1,0,0,1,0,0,0,1,0,0
1,1,17,1,0,1,2,2,2,2,1,1,1,0,0,0,0,0,1,3,3,3,2,3,4,10,9,9,10,1,0,0,0,0,0,0,1,0,0,1,0,0,0,0,1,0
0,0,16,0,0,1,3,3,1,2,0,1,1,0,0,0,0,1,0,4,3,3,1,2,4,4,11,11,11,0,0,1,0,0,0,0,1,0,0,0,1,0,0,0,1,0
0,1,17,0,0,1,2,2,1,2,0,1,0,0,1,0,0,1,0,4,4,4,1,2,4,3,11,12,11,0,0,1,0,0,0,0,1,0,0,0,0,0,1,0,1,0
0,1,16,0,0,1,3,3,1,2,0,1,1,0,1,0,0,1,0,4,3,3,1,2,4,5,13,13,13,0,0,0,1,0,0,0,1,0,0,0,0,0,1,1,0,0
0,1,17,0,0,1,3,3,2,2,1,1,1,0,0,0,0,1,0,4,3,3,2,3,4,7,10,10,11,0,0,0,1,0,0,0,0,0,1,1,0,0,0,0,1,0
1,0,17,1,0,1,2,2,2,2,1,1,1,0,0,0,0,1,1,3,3,3,2,3,3,9,9,9,10,1,0,0,0,0,0,0,1,0,0,0,0,1,0,0,1,0
0,1,16,0,0,1,3,3,1,2,0,1,1,0,1,0,0,1,0,4,3,3,1,2,4,7,12,12,13,0,0,0,1,0,0,0,1,0,0,0,0,0,1,0,1,0
0,1,17,0,0,1,3,3,1,2,0,1,1,0,0,0,0,1,0,4,3,3,2,3,4,9,11,11,11,0,0,0,1,0,0,0,0,1,0,0,1,0,0,1,0,0
0,1,16,0,0,1,3,3,1,2,0,1,1,0,1,0,0,1,0,4,3,3,1,2,4,4,13,13,13,0,0,1,0,0,0,0,1,0,0,0,1,0,0,1,0,0
0,0,16,0,0,1,2,2,1,2,0,1,1,0,0,0,0,1,0,4,3,3,2,2,4,3,11,11,11,0,0,0,1,0,0,0,0,1,0,1,0,0,0,1,0,0
0,0,17,0,0,1,3,3,1,2,0,1,1,0,1,0,0,1,0,3,3,3,2,2,3,9,11,11,12,0,0,0,0,1,0,0,0,0,1,0,1,0,0,0,1,0
0,1,17,0,0,1,3,2,2,2,0,1,1,0,1,0,0,1,0,4,3,3,2,3,4,10,10,11,11,0,0,1,0,0,0,0,1,0,0,0,0,0,1,0,1,0
0,1,17,0,0,1,3,3,1,2,0,1,1,0,0,0,0,1,1,4,3,3,2,3,4,10,10,10,10,0,0,1,0,0,0,0,0,0,1,0,1,0,0,0,1,0
1,0,16,1,0,1,2,2,2,2,0,1,1,0,0,0,0,1,0,4,3,3,1,2,3,2,11,12,12,0,0,1,0,0,0,0,1,0,0,0,1,0,0,1,0,0
0,1,17,0,0,1,3,2,1,2,0,1,1,0,0,0,0,1,0,4,3,3,2,2,3,8,11,11,12,0,0,1,0,0,0,0,1,0,0,0,0,0,1,0,1,0
1,1,17,0,0,1,2,2,2,2,0,1,0,0,0,0,0,1,0,4,3,3,2,3,3,2,11,11,10,0,0,1,0,0,0,0,0,1,0,0,0,1,0,1,0,0
0,0,17,0,0,1,3,3,2,2,0,1,1,0,0,0,0,1,0,4,3,3,2,2,4,8,10,10,10,1,0,0,0,0,0,0,1,0,0,1,0,0,0,0,1,0
0,0,17,0,0,1,3,3,2,2,0,1,1,0,1,0,0,1,0,4,3,3,2,2,3,7,11,11,11,0,0,0,0,1,0,0,0,0,1,1,0,0,0,0,1,0
0,0,17,0,0,1,3,3,2,2,0,1,1,0,0,0,0,1,0,4,3,3,2,3,3,4,11,11,11,0,0,1,0,0,0,0,0,1,0,0,0,0,1,1,0,0
0,1,17,0,0,1,3,2,1,2,0,1,0,0,0,0,0,1,0,4,3,3,2,2,4,8,10,11,11,0,0,1,0,0,0,0,1,0,0,0,1,0,0,0,0,1
1,0,17,1,0,1,2,2,2,2,0,1,0,0,1,0,0,1,0,4,3,3,2,3,3,4,10,10,10,0,0,1,0,0,0,0,0,1,0,0,0,1,0,0,1,0
0,1,17,0,0,1,3,3,2,2,1,1,1,0,1,0,0,1,1,3,3,3,2,3,4,12,10,10,11,0,0,0,1,0,0,0,1,0,0,0,0,0,1,1,0,0
0,1,17,0,0,1,2,2,1,2,0,1,0,0,0,0,0,1,0,4,3,3,1,2,4,5,11,11,12,0,0,1,0,0,0,0,1,0,0,0,1,0,0,0,0,1
0,1,17,0,0,1,3,3,2,2,1,1,1,0,0,0,0,1,0,4,3,3,2,3,4,4,10,10,11,0,0,0,1,0,0,0,0,0,1,1,0,0,0,0,1,0
0,0,17,0,0,1,3,3,2,2,0,1,1,0,1,0,0,1,0,4,3,3,2,2,4,7,11,10,11,0,0,1,0,0,0,0,1,0,0,1,0,0,0,1,0,0
1,1,18,1,0,1,2,2,2,2,1,1,0,0,0,0,0,1,1,3,3,3,2,3,3,10,9,10,10,1,0,0,0,0,0,0,0,1,0,0,0,1,0,0,0,1
0,0,16,0,0,1,3,2,1,2,0,1,1,0,1,0,0,1,0,4,3,3,1,2,3,3,11,11,12,0,0,1,0,0,0,0,1,0,0,1,0,0,0,0,1,0
0,1,17,0,0,1,3,3,1,2,0,1,1,0,1,0,0,1,0,4,3,3,2,2,4,8,11,12,12,0,0,0,0,1,0,0,1,0,0,0,0,0,1,0,1,0
0,1,17,0,0,1,3,3,2,2,1,1,1,0,0,0,0,1,0,4,3,3,2,3,4,7,10,9,10,0,0,0,1,0,0,0,1,0,0,1,0,0,0,0,1,0
1,1,18,0,0,1,2,2,2,2,1,1,0,0,0,0,0,1,1,3,3,3,2,3,3,9,9,10,10,0,0,1,0,0,0,0,0,1,0,0,0,1,0,1,0,0
0,1,17,0,0,1,2,2,2,2,1,1,0,0,0,0,0,1,0,4,3,4,2,3,4,3,10,9,9,0,0,1,0,0,0,0,1,0,0,1,0,0,0,0,1,0
0,0,16,0,0,1,3,3,1,3,0,1,1,0,1,0,0,1,0,4,3,3,1,2,4,2,14,13,14,0,1,0,0,0,0,0,1,0,0,0,0,0,1,1,0,0
1,0,17,1,0,1,2,2,2,2,1,1,1,0,0,0,0,1,0,3,3,3,2,3,3,8,10,10,10,1,0,0,0,0,0,0,1,0,0,0,1,0,0,1,0,0
1,1,18,1,0,1,1,1,2,2,1,1,0,0,0,0,1,0,1,4,3,3,2,3,3,6,9,9,9,1,0,0,0,0,1,0,0,0,0,1,0,0,0,0,1,0
0,1,16,0,0,1,3,3,2,2,0,1,1,0,1,0,0,1,0,4,3,3,2,2,4,6,11,11,12,0,0,0,1,0,0,0,1,0,0,1,0,0,0,1,0,0
0,0,17,0,0,1,2,2,2,2,0,1,1,0,0,0,0,1,0,4,3,3,2,2,3,8,10,10,10,0,0,1,0,0,0,0,1,0,0,0,1,0,0,0,1,0
0,0,17,0,0,1,3,3,2,2,0,1,1,0,0,0,0,1,0,4,3,3,2,2,4,5,11,10,11,0,0,0,0,1,0,0,1,0,0,1,0,0,0,0,1,0
0,0,17,0,0,1,2,2,2,2,0,1,1,0,0,0,0,1,0,4,3,3,2,3,4,7,10,9,9,0,0,1,0,0,0,0,1,0,0,0,1,0,0,0,1,0
0,0,16,0,0,1,3,3,2,2,0,1,1,0,0,0,0,1,0,4,3,3,1,2,4,3,11,10,11,1,0,0,0,0,1,0,0,0,0,1,0,0,0,0,1,0
0,0,17,0,0,1,2,2,2,2,0,1,1,0,0,0,0,1,0,4,3,3,2,2,3,3,11,12,11,1,0,0,0,0,1,0,0,0,0,0,0,0,1,1,0,0
1,0,17,1,0,1,1,2,2,2,1,1,0,0,0,0,0,0,1,4,3,3,2,3,3,7,9,9,9,1,0,0,0,0,1,0,0,0,0,1,0,0,0,0,1,0
1,0,17,1,0,1,1,1,2,2,0,1,0,0,0,0,0,1,0,4,3,3,2,2,3,6,9,10,9,0,0,1,0,0,0,0,1,0,0,0,1,0,0,0,1,0
0,0,16,0,0,1,3,3,2,2,0,1,1,0,1,0,0,1,0,4,3,3,2,2,4,5,12,11,12,0,1,0,0,0,0,0,1,0,0,0,0,0,1,1,0,0
0,1,17,0,0,1,3,3,1,2,1,1,1,0,1,0,0,1,0,4,3,3,2,3,4,7,12,12,13,0,0,0,1,0,0,0,0,0,1,0,1,0,0,0,1,0
0,0,17,0,0,1,2,2,2,2,0,1,1,0,1,0,0,1,0,4,3,3,2,2,3,7,10,9,10,1,0,0,0,0,0,0,1,0,0,1,0,0,0,0,1,0
0,0,17,0,0,1,2,2,2,2,0,1,1,0,0,0,0,0,0,4,3,3,1,2,3,5,10,10,10,1,0,0,0,0,1,0,0,0,0,1,0,0,0,0,1,0
0,1,17,0,0,1,3,3,2,2,0,1,1,0,0,0,0,1,0,4,3,3,2,3,4,3,11,10,10,0,0,0,1,0,0,0,0,0,1,1,0,0,0,0,1,0
1,0,17,1,0,1,2,2,2,2,1,1,0,0,0,0,0,1,1,3,3,3,2,3,3,11,10,9,10,0,0,1,0,0,0,0,1,0,0,0,0,1,0,0,1,0
0,1,17,0,0,1,3,2,1,2,0,1,1,0,1,0,0,1,0,4,3,3,1,2,4,7,12,12,12,0,0,0,1,0,0,0,1,0,0,0,0,0,1,1,0,0
0,1,17,0,0,1,3,2,2,2,0,1,1,0,0,0,0,1,0,4,3,3,2,3,4,6,10,10,10,0,0,1,0,0,0,0,1,0,0,1,0,0,0,0,1,0
0,0,17,0,0,1,2,1,2,2,0,1,0,0,1,0,0,1,0,4,3,4,1,2,3,2,11,10,11,0,0,1,0,0,0,0,1,0,0,1,0,0,0,0,1,0
0,0,17,1,0,1,2,2,2,2,0,1,0,0,1,0,0,1,0,4,3,3,1,2,3,5,10,10,10,0,0,1,0,0,0,0,1,0,0,1,0,0,0,0,1,0
0,0,17,0,0,1,3,2,2,2,0,1,1,0,1,0,0,1,1,4,3,3,2,2,3,7,10,10,11,0,0,1,0,0,0,0,0,1,0,0,0,0,1,0,1,0
0,1,16,0,0,1,3,3,1,2,0,1,1,0,1,0,0,1,0,4,3,3,1,2,4,3,12,12,12,0,0,0,1,0,0,0,0,1,0,0,1,0,0,1,0,0
1,1,17,0,0,1,1,2,2,2,1,1,0,0,0,0,0,0,1,4,3,3,2,3,4,5,10,10,10,1,0,0,0,0,0,0,0,1,0,1,0,0,0,1,0,0
0,1,17,0,0,1,3,2,2,2,1,1,0,0,0,0,0,1,0,4,3,3,2,3,4,10,10,10,11,0,0,1,0,0,0,0,1,0,0,0,1,0,0,0,0,1
0,0,16,0,0,1,4,3,1,2,0,1,1,0,1,0,0,1,0,4,3,3,1,2,3,4,13,13,14,0,0,0,0,1,0,0,1,0,0,0,0,0,1,0,1,0
0,0,17,0,0,1,2,2,1,2,0,1,1,0,0,0,0,1,0,4,3,3,2,2,3,6,10,11,10,1,0,0,0,0,1,0,0,0,0,0,1,0,0,0,1,0
0,1,16,0,0,1,3,2,2,2,1,1,1,0,0,0,0,1,0,4,3,3,2,3,4,3,10,11,11,0,0,0,1,0,0,0,0,1,0,1,0,0,0,0,1,0
0,1,17,0,0,1,3,2,2,2,1,1,1,0,0,1,0,1,0,4,3,4,2,3,4,4,9,9,9,0,0,1,0,0,0,0,1,0,0,1,0,0,0,0,1,0
0,0,16,0,0,1,3,3,2,2,0,1,1,0,1,0,0,1,1,4,3,3,1,2,3,7,11,11,11,0,0,1,0,0,0,0,1,0,0,0,0,0,1,0,1,0
1,1,17,0,0,1,3,3,2,2,1,1,1,0,0,0,0,1,1,4,3,3,2,3,4,6,9,9,10,0,0,0,1,0,0,0,0,1,0,1,0,0,0,0,1,0
0,0,17,0,0,1,2,3,2,2,1,1,1,0,0,0,0,1,0,4,3,3,2,2,4,4,11,10,11,0,0,1,0,0,0,0,1,0,0,1,0,0,0,1,0,0
0,0,17,0,0,1,2,2,2,2,0,1,1,0,1,0,0,1,0,4,3,3,1,2,3,6,10,10,10,1,0,0,0,0,0,0,0,1,0,0,0,0,1,0,1,0
1,1,17,0,0,1,2,2,2,2,1,1,1,0,0,0,0,0,1,4,3,3,2,3,4,6,10,9,10,1,0,0,0,0,1,0,0,0,0,1,0,0,0,1,0,0
1,1,17,0,0,1,3,2,2,2,1,1,0,0,0,0,0,1,1,4,3,3,2,3,3,8,10,10,10,0,0,0,1,0,0,0,0,1,0,1,0,0,0,0,1,0
1,1,17,0,0,1,3,3,2,1,1,1,1,0,0,1,0,1,0,4,4,4,2,3,5,3,9,8,8,0,0,1,0,0,0,0,1,0,0,1,0,0,0,0,1,0
0,0,17,0,0,1,2,2,2,2,1,1,1,0,0,0,0,0,0,3,3,3,2,3,4,6,10,9,10,1,0,0,0,0,0,0,1,0,0,0,1,0,0,0,0,1
1,0,18,1,0,1,1,2,2,2,1,1,1,0,0,0,1,0,0,4,3,3,2,3,3,6,9,9,10,1,0,0,0,0,0,0,1,0,0,1,0,0,0,0,1,0
1,0,17,1,0,1,1,2,2,2,0,1,1,0,0,0,0,0,0,4,3,3,1,2,4,4,9,9,9,1,0,0,0,0,0,0,1,0,0,1,0,0,0,0,1,0
0,1,17,0,0,1,3,3,1,2,0,1,1,0,0,0,0,1,0,4,3,3,2,3,4,8,11,11,11,0,0,0,1,0,0,0,0,0,1,0,1,0,0,1,0,0
0,1,17,0,0,1,3,3,1,2,0,1,1,0,0,0,0,1,0,4,3,3,2,3,4,8,12,12,12,0,0,0,1,0,0,0,1,0,0,0,1,0,0,0,0,1
0,1,17,0,0,1,3,3,2,2,0,1,1,0,0,0,0,1,1,4,3,3,2,3,3,12,10,10,11,0,0,1,0,0,0,0,0,1,0,0,1,0,0,0,1,0
0,1,18,0,0,1,3,2,2,2,1,1,0,0,0,0,0,1,1,4,3,4,2,3,3,10,10,10,10,0,0,0,1,0,0,0,0,1,0,0,1,0,0,0,1,0
0,0,16,0,0,1,2,2,1,2,0,1,1,0,0,0,0,1,0,4,3,3,1,2,3,3,11,11,11,0,0,1,0,0,0,0,1,0,0,0,1,0,0,0,1,0
0,1,16,0,0,1,3,3,1,2,0,1,1,0,1,0,0,1,0,4,3,3,2,2,4,6,12,12,12,0,1,0,0,0,0,0,0,0,1,0,1,0,0,1,0,0
0,1,17,0,0,1,3,2,1,2,0,1,1,0,0,0,0,1,0,4,3,3,2,2,4,7,11,11,12,0,0,1,0,0,0,0,1,0,0,0,1,0,0,0,1,0
0,1,17,0,0,1,3,3,2,2,0,1,1,0,1,0,0,1,0,4,3,3,2,2,4,7,11,10,11,0,1,0,0,0,0,0,1,0,0,1,0,0,0,1,0,0
1,0,18,0,0,1,1,1,2,2,0,1,0,0,0,0,0,1,0,4,3,3,2,2,4,5,9,10,9,0,0,1,0,0,0,0,1,0,0,0,1,0,0,0,1,0
0,0,17,1,0,1,2,2,2,2,0,1,1,0,1,0,0,0,0,4,3,3,1,2,3,6,10,10,10,1,0,0,0,0,0,0,1,0,0,0,0,0,1,0,1,0
1,1,17,1,0,1,3,2,2,2,1,1,1,0,1,0,0,1,1,3,3,3,2,3,3,10,10,10,10,0,0,1,0,0,0,0,0,1,0,0,0,1,0,0,1,0
0,1,17,0,0,1,3,3,1,2,0,1,1,0,1,0,0,1,0,4,3,3,1,2,3,7,11,12,12,0,1,0,0,0,0,0,1,0,0,0,0,0,1,0,1,0
0,0,16,0,0,1,4,3,1,2,0,1,1,0,1,0,0,1,0,4,3,3,1,2,3,3,13,13,14,0,0,0,0,1,0,0,1,0,0,0,0,0,1,0,1,0
0,0,17,0,0,1,2,3,2,2,0,1,1,0,0,0,0,1,0,4,3,3,2,2,3,5,11,10,11,0,0,1,0,0,0,0,1,0,0,1,0,0,0,1,0,0
1,1,18,1,0,1,2,2,2,2,1,1,0,0,0,0,0,1,1,4,3,3,2,3,3,6,9,9,9,0,0,1,0,0,0,0,0,1,0,0,0,1,0,0,1,0
1,0,17,1,0,1,1,1,2,2,1,1,0,0,0,0,0,0,0,4,3,3,2,2,4,6,9,9,9,1,0,0,0,0,0,0,1,0,0,1,0,0,0,0,1,0
0,1,16,0,0,1,3,3,1,2,1,1,1,0,1,0,0,1,0,4,4,3,2,3,4,6,12,12,13,0,0,0,1,0,0,0,0,1,0,0,0,0,1,0,1,0
0,1,17,0,0,1,3,3,2,2,1,1,1,0,1,0,0,1,0,4,3,3,2,3,4,12,11,11,11,0,0,0,1,0,0,0,1,0,0,0,1,0,0,0,1,0
0,0,16,0,0,1,3,2,1,2,0,1,1,0,1,0,0,1,0,4,3,3,1,2,3,4,12,12,12,0,0,1,0,0,0,0,1,0,0,0,0,0,1,0,1,0
0,0,16,0,0,1,2,2,2,2,0,1,1,0,1,0,0,0,0,4,3,3,1,2,4,2,11,11,11,1,0,0,0,0,0,0,1,0,0,1,0,0,0,0,1,0
1,1,17,0,0,1,1,2,2,2,1,1,0,0,0,0,0,1,1,4,3,3,2,3,3,4,9,9,9,0,0,1,0,0,0,0,0,1,0,1,0,0,0,0,1,0
0,1,17,0,0,1,3,2,1,2,0,1,0,0,1,0,0,1,0,4,3,3,1,2,4,5,11,12,12,0,0,1,0,0,0,0,1,0,0,0,0,0,1,0,1,0
1,1,17,0,0,1,2,2,2,2,1,1,1,0,0,0,0,1,1,3,3,3,2,3,3,10,9,10,10,0,0,1,0,0,0,0,0,1,0,0,0,1,0,1,0,0
1,1,17,0,0,1,2,2,2,1,1,1,1,0,0,1,0,0,0,4,4,4,2,3,5,1,9,8,8,0,0,1,0,0,0,0,1,0,0,1,0,0,0,0,1,0
1,1,17,0,0,1,3,3,2,2,1,1,1,0,0,0,0,1,1,4,3,3,2,3,4,5,9,9,10,0,0,0,1,0,0,0,0,1,0,1,0,0,0,0,1,0
0,1,17,0,0,1,3,3,1,2,0,1,1,0,0,0,0,1,0,4,3,4,2,3,4,8,12,12,11,0,0,0,1,0,0,0,0,0,1,0,1,0,0,0,1,0
1,0,18,1,0,1,2,2,2,2,1,1,0,0,0,0,0,1,0,4,3,3,2,2,3,8,10,9,9,0,0,1,0,0,0,0,1,0,0,0,1,0,0,0,1,0
0,1,17,0,0,1,3,3,2,2,1,1,1,0,0,0,0,1,1,4,3,3,2,3,4,8,10,10,10,0,0,0,1,0,1,0,0,0,0,1,0,0,0,0,1,0
0,0,16,0,0,1,3,3,1,2,0,1,1,0,1,0,0,1,0,4,3,3,1,2,3,5,12,12,12,0,0,0,1,0,0,0,0,1,0,0,0,0,1,0,1,0
0,0,17,0,0,1,2,2,2,2,0,1,0,0,0,0,0,1,0,4,3,4,1,2,4,3,10,10,10,0,0,1,0,0,0,0,1,0,0,1,0,0,0,0,1,0
1,0,17,0,0,1,1,2,2,2,0,1,0,0,0,0,0,1,0,4,3,3,1,2,3,4,10,9,10,1,0,0,0,0,0,0,0,1,0,1,0,0,0,0,1,0
0,0,17,1,0,1,2,2,2,2,0,1,0,0,1,0,0,1,0,4,3,3,1,2,3,4,11,11,10,0,0,1,0,0,0,0,1,0,0,0,0,0,1,0,1,0
0,1,16,0,0,1,3,3,1,2,0,1,1,0,0,0,0,1,0,4,4,3,1,2,4,2,10,10,11,0,0,0,0,1,0,0,0,1,0,1,0,0,0,0,1,0
0,0,17,0,0,1,2,2,2,2,0,1,1,0,1,0,0,1,0,4,3,3,1,2,3,6,11,11,11,1,0,0,0,0,0,0,0,1,0,1,0,0,0,0,1,0
0,1,17,0,0,1,3,3,1,2,0,1,1,0,1,0,0,1,0,4,3,3,2,2,4,9,12,11,12,0,0,0,1,0,0,0,1,0,0,0,0,0,1,0,1,0
0,1,16,0,0,1,3,3,1,2,0,1,1,0,1,0,0,1,0,4,3,3,1,2,4,6,13,13,13,0,0,0,1,0,0,0,0,0,1,0,1,0,0,0,1,0
1,1,17,0,0,1,2,3,2,2,1,1,1,0,0,0,0,0,0,4,4,3,2,3,4,2,10,9,10,0,0,1,0,0,1,0,0,0,0,1,0,0,0,1,0,0
0,1,17,0,0,1,2,2,1,2,0,1,1,0,0,0,0,1,0,4,3,3,2,2,4,6,10,11,11,0,0,1,0,0,0,0,1,0,0,0,1,0,0,0,0,1
0,1,17,0,0,1,3,3,2,2,1,1,1,0,1,0,0,1,0,4,3,3,2,3,4,9,11,11,11,0,0,0,1,0,0,0,1,0,0,1,0,0,0,0,1,0
0,1,17,0,0,1,1,2,2,2,0,1,1,0,0,0,0,0,0,4,3,3,2,3,4,4,10,9,9,1,0,0,0,0,1,0,0,0,0,0,1,0,0,0,0,1
0,1,17,0,0,1,3,3,2,2,0,1,1,0,1,0,0,1,0,4,3,3,2,2,4,6,11,11,12,0,0,0,1,0,0,0,1,0,0,1,0,0,0,0,1,0
0,0,17,0,0,1,2,2,2,2,0,1,1,0,0,0,0,1,0,4,3,3,1,2,3,7,10,10,10,1,0,0,0,0,1,0,0,0,0,1,0,0,0,0,1,0
0,1,17,0,0,1,3,3,1,2,0,1,1,0,0,0,0,1,0,4,3,3,2,2,4,5,11,12,11,0,0,1,0,0,0,0,0,1,0,0,1,0,0,1,0,0
0,1,17,0,0,1,3,3,2,2,1,1,1,0,0,0,0,1,1,3,3,3,2,3,3,13,10,10,10,0,0,1,0,0,0,0,1,0,0,0,1,0,0,0,1,0
0,1,17,0,0,1,3,2,1,2,1,1,0,0,1,0,0,1,1,4,3,3,2,3,3,8,11,10,10,0,0,0,1,0,0,0,0,1,0,0,0,1,0,0,1,0
1,1,18,1,0,1,2,2,2,2,1,1,0,0,0,0,0,1,1,4,3,3,2,3,3,6,10,10,10,1,0,0,0,0,0,0,0,1,0,0,0,1,0,1,0,0
1,1,17,0,0,1,2,2,2,2,1,1,1,0,0,0,0,0,1,4,3,3,2,3,4,9,9,9,10,1,0,0,0,0,1,0,0,0,0,1,0,0,0,0,1,0
1,1,18,0,0,1,2,2,2,2,0,1,0,0,0,0,0,1,1,4,3,4,2,3,3,5,10,9,9,0,0,1,0,0,0,0,0,1,0,0,0,1,0,0,1,0
1,0,17,0,0,1,1,2,2,2,0,1,1,0,0,0,0,1,0,4,3,3,2,2,3,3,10,10,10,1,0,0,0,0,0,0,0,1,0,1,0,0,0,1,0,0
0,1,17,0,0,1,3,2,1,2,0,1,1,0,0,0,0,1,0,4,3,3,2,3,4,10,11,11,11,0,0,0,1,0,0,0,1,0,0,0,1,0,0,0,1,0
0,1,17,0,0,1,3,3,1,2,1,1,1,0,0,0,0,1,0,4,3,3,2,3,4,10,11,11,11,0,0,0,1,0,0,0,1,0,0,0,1,0,0,1,0,0
0,1,17,0,0,1,3,3,2,2,1,1,1,0,0,0,0,1,1,3,3,3,2,3,4,10,9,9,10,0,0,1,0,0,0,0,1,0,0,1,0,0,0,0,1,0
0,1,16,0,0,1,3,3,1,2,0,1,1,0,1,0,0,1,0,4,3,3,1,2,4,3,13,12,13,0,0,0,1,0,0,0,0,1,0,0,0,0,1,0,1,0
0,0,17,0,0,1,3,3,2,2,0,1,1,0,1,0,0,1,0,4,3,3,2,2,3,9,10,10,11,0,0,0,0,1,0,0,0,0,1,1,0,0,0,0,1,0
0,0,17,0,0,1,3,2,1,2,0,1,1,0,1,0,0,1,0,4,3,3,1,2,3,4,12,12,12,0,0,1,0,0,0,0,1,0,0,0,0,0,1,0,1,0
0,1,17,0,0,1,3,2,2,2,0,1,0,0,1,0,0,1,0,4,3,3,2,2,3,8,11,11,11,0,0,1,0,0,0,0,1,0,0,0,0,0,1,1,0,0
0,1,17,0,0,1,3,3,1,2,0,1,1,0,1,0,0,1,0,4,4,3,1,2,4,7,13,12,13,0,0,0,1,0,0,0,1,0,0,0,0,0,1,0,1,0
0,0,17,0,0,1,2,2,2,2,1,1,1,0,0,0,0,1,0,4,3,3,2,2,3,7,10,10,10,0,0,1,0,0,0,0,1,0,0,1,0,0,0,0,0,1
1,0,18,1,0,1,1,2,2,2,1,1,1,0,0,0,0,0,1,4,3,3,2,3,3,5,9,9,9,1,0,0,0,0,1,0,0,0,0,1,0,0,0,0,1,0
0,0,17,0,0,1,2,2,2,2,0,1,1,0,0,0,0,1,0,4,3,3,2,2,3,3,11,11,11,1,0,0,0,0,1,0,0,0,0,0,1,0,0,1,0,0
0,0,17,0,0,1,3,3,1,2,0,1,1,0,0,0,0,1,1,4,3,3,2,2,3,9,10,10,11,0,0,1,0,0,0,0,1,0,0,0,1,0,0,0,1,0
0,1,16,0,0,1,3,3,1,2,0,1,1,0,1,0,0,1,0,4,4,3,1,2,3,3,12,13,13,0,1,0,0,0,0,0,1,0,0,0,0,0,1,0,1,0
0,1,17,0,0,1,3,3,2,2,1,1,1,0,1,0,0,1,1,3,3,3,2,3,4,12,10,10,11,0,1,0,0,0,0,0,1,0,0,0,0,0,1,1,0,0
1,0,17,1,0,1,2,2,2,2,1,1,1,0,0,0,0,0,1,3,3,3,2,3,3,10,9,9,10,1,0,0,0,0,0,0,1,0,0,1,0,0,0,1,0,0
0,1,17,0,0,1,3,2,2,2,0,1,0,0,0,0,0,1,0,4,3,4,2,3,4,5,10,10,10,0,0,1,0,0,0,0,1,0,0,1,0,0,0,0,1,0
0,0,16,0,0,1,2,2,2,2,0,1,1,0,1,0,0,0,0,4,3,3,1,2,3,5,10,10,11,1,0,0,0,0,0,0,1,0,0,0,1,0,0,0,1,0
1,1,17,0,0,1,1,1,2,1,1,1,0,0,0,0,1,0,0,4,3,3,2,3,4,4,9,9,9,1,0,0,0,0,1,0,0,0,0,1,0,0,0,0,1,0
0,0,17,0,0,1,3,2,2,2,0,1,1,0,0,0,0,1,0,4,3,3,2,2,3,6,11,11,11,0,0,1,0,0,0,0,1,0,0,0,1,0,0,1,0,0
0,1,17,0,0,1,3,3,2,2,1,1,1,0,1,0,0,1,0,4,3,3,2,3,4,10,11,10,11,0,1,0,0,0,0,0,1,0,0,0,0,0,1,1,0,0
0,0,17,0,0,1,3,2,1,2,0,1,1,0,0,0,0,1,1,4,3,3,2,2,3,7,11,11,11,0,0,1,0,0,0,0,0,1,0,0,1,0,0,0,1,0
0,1,17,0,0,1,3,3,2,2,0,1,1,0,0,0,0,1,0,4,3,3,2,2,4,4,11,10,11,0,0,0,0,1,0,0,1,0,0,1,0,0,0,0,1,0
1,1,17,0,0,1,2,2,2,2,1,1,1,0,0,0,0,1,1,4,3,3,2,3,4,6,10,10,10,0,0,1,0,0,0,0,0,1,0,1,0,0,0,1,0,0
0,1,17,0,0,1,3,3,1,2,0,1,1,0,0,0,0,1,0,4,3,3,2,3,3,9,11,11,11,0,0,1,0,0,0,0,1,0,0,0,1,0,0,0,1,0
0,0,17,1,0,1,2,2,2,2,0,1,1,0,1,0,0,1,0,4,3,3,1,2,3,4,11,11,11,1,0,0,0,0,0,0,1,0,0,0,0,0,1,0,1,0
1,0,17,1,0,1,2,2,2,2,1,1,1,0,0,0,0,1,0,4,3,3,2,2,4,5,9,9,10,0,0,1,0,0,0,0,1,0,0,1,0,0,0,1,0,0
1,0,18,1,0,1,2,2,2,2,1,1,1,0,0,0,0,0,0,4,3,3,2,2,3,8,9,9,10,1,0,0,0,0,0,0,1,0,0,0,0,1,0,0,0,1
0,0,16,0,0,1,4,3,1,2,0,1,1,0,0,0,0,1,0,4,3,3,1,2,4,3,12,11,12,0,0,0,0,1,0,0,1,0,0,1,0,0,0,0,1,0
1,1,18,1,0,1,1,1,2,2,1,1,0,0,0,0,1,1,1,4,3,3,2,3,3,5,9,9,9,1,0,0,0,0,0,0,0,1,0,1,0,0,0,0,1,0
0,1,17,0,0,1,3,3,1,2,0,1,1,0,1,0,0,1,0,4,3,3,2,3,4,8,12,12,12,0,0,0,1,0,0,0,0,0,1,0,1,0,0,0,1,0
0,1,17,0,0,1,3,3,2,2,1,1,1,0,0,0,0,1,0,4,3,3,2,3,4,4,11,10,10,0,0,0,1,0,0,0,1,0,0,1,0,0,0,0,1,0
0,0,17,0,0,1,3,3,1,2,0,1,1,0,0,0,0,1,1,4,3,3,2,3,3,10,10,11,11,0,0,1,0,0,0,0,0,1,0,0,1,0,0,0,1,0
0,1,16,0,0,1,3,3,1,2,0,1,1,0,1,0,0,1,0,4,3,3,2,2,4,5,11,12,12,0,0,0,1,0,0,0,1,0,0,1,0,0,0,0,1,0
1,0,18,1,0,1,1,1,2,2,0,1,1,0,0,0,0,1,0,4,3,3,1,2,3,4,10,10,10,0,0,1,0,0,0,0,1,0,0,0,0,1,0,1,0,0
0,1,17,0,0,1,3,3,1,2,0,1,1,0,1,0,0,1,0,4,3,3,2,2,4,9,12,12,12,0,0,0,1,0,0,0,0,0,1,0,1,0,0,0,1,0
0,1,16,0,0,1,3,3,1,2,0,1,1,0,0,0,0,1,0,4,4,3,1,2,4,2,11,11,11,0,0,0,0,1,0,0,0,0,1,1,0,0,0,0,1,0
0,0,16,0,0,1,3,3,1,2,0,1,1,0,0,0,0,1,0,4,3,3,2,2,4,8,11,11,11,0,0,1,0,0,0,0,1,0,0,0,1,0,0,0,1,0
0,1,16,0,0,1,3,3,1,2,0,1,1,0,0,0,0,1,0,4,3,3,1,2,4,7,12,12,12,0,0,0,1,0,0,0,1,0,0,0,1,0,0,0,1,0
0,1,17,0,0,1,3,3,1,2,0,1,1,0,1,0,0,1,0,4,3,3,1,2,4,7,12,12,13,0,0,0,1,0,0,0,1,0,0,0,1,0,0,0,1,0
1,0,18,1,0,1,1,2,2,2,1,1,0,0,0,0,0,0,0,3,3,3,2,3,3,8,9,10,10,1,0,0,0,0,1,0,0,0,0,0,0,1,0,0,0,1
1,0,17,1,0,1,2,2,2,2,1,1,1,0,0,0,0,1,0,3,3,3,2,3,3,9,10,10,11,0,0,1,0,0,0,0,1,0,0,0,0,1,0,1,0,0
0,1,17,0,0,1,3,3,2,2,1,1,1,0,0,0,0,1,0,3,3,3,2,3,4,4,9,9,9,0,0,0,0,1,0,0,1,0,0,1,0,0,0,0,1,0
0,1,17,0,0,1,3,2,1,2,0,1,1,0,1,0,0,1,0,4,3,3,1,2,4,5,11,12,12,0,0,1,0,0,0,0,1,0,0,0,0,0,1,0,1,0
0,0,17,0,0,1,3,3,2,2,0,1,1,0,0,0,0,1,0,4,3,3,2,2,3,4,11,11,12,0,0,1,0,0,0,0,1,0,0,0,0,0,1,1,0,0
1,1,18,1,0,1,1,2,2,2,1,1,0,0,0,0,0,1,1,4,3,3,2,3,3,5,9,10,10,1,0,0,0,0,0,0,0,1,0,0,0,1,0,0,0,1
0,0,17,0,0,1,2,2,2,2,1,1,0,0,1,0,0,1,0,4,3,3,2,3,4,6,10,10,11,0,0,0,1,0,0,0,0,1,0,1,0,0,0,1,0,0
0,1,17,0,0,1,3,3,2,2,1,1,1,0,0,0,0,1,1,3,3,3,2,3,4,11,10,10,10,0,1,0,0,0,0,0,0,0,1,0,1,0,0,0,0,1
0,1,16,0,0,1,3,3,2,1,1,1,1,0,0,0,0,1,0,4,4,4,2,3,5,1,10,9,9,0,0,0,1,0,1,0,0,0,0,1,0,0,0,0,1,0
1,0,17,1,0,1,1,1,2,2,0,1,1,0,1,0,0,0,0,4,3,3,1,2,3,2,11,11,11,1,0,0,0,0,0,0,1,0,0,0,0,1,0,0,1,0
0,0,17,0,0,1,3,3,1,2,0,1,1,0,1,0,0,1,0,4,3,3,2,2,3,7,11,11,12,0,0,0,0,1,0,0,0,1,0,0,0,0,1,0,1,0
1,0,17,0,0,1,2,2,2,2,1,1,1,0,0,0,0,1,1,4,3,3,2,2,4,5,10,10,10,0,0,1,0,0,1,0,0,0,0,1,0,0,0,1,0,0
1,1,17,0,0,1,2,2,2,1,1,1,1,0,0,1,0,0,0,4,4,4,2,3,4,3,9,8,9,1,0,0,0,0,0,0,1,0,0,1,0,0,0,0,1,0
0,0,17,0,0,1,3,2,1,2,0,1,1,0,1,0,0,1,0,4,3,3,2,3,3,6,11,11,11,0,0,0,1,0,0,0,0,1,0,0,1,0,0,0,1,0
0,0,17,0,0,1,2,2,2,2,0,1,1,0,0,0,0,1,0,4,3,3,1,2,3,3,10,10,11,1,0,0,0,0,0,0,0,1,0,1,0,0,0,0,1,0
0,0,16,0,0,1,4,3,1,2,0,1,1,0,1,0,0,1,0,4,3,3,1,2,3,5,12,12,13,0,0,0,0,1,0,1,0,0,0,0,0,0,1,0,1,0
0,1,17,0,0,1,3,2,1,2,0,1,1,0,0,0,0,1,0,4,3,3,2,2,4,7,10,11,11,0,0,1,0,0,0,0,1,0,0,0,1,0,0,0,1,0
0,1,16,0,0,1,3,3,1,2,0,1,1,0,0,0,0,1,0,4,3,3,2,2,4,2,11,11,11,0,0,0,1,0,0,0,0,0,1,1,0,0,0,1,0,0
0,1,17,0,0,1,3,3,1,2,0,1,1,0,0,0,0,1,0,4,3,3,2,3,4,8,10,10,11,0,0,1,0,0,0,0,1,0,0,0,1,0,0,0,0,1
1,0,18,1,0,1,2,2,2,2,1,1,1,0,0,0,0,1,0,4,3,3,2,3,3,7,10,11,10,1,0,0,0,0,1,0,0,0,0,0,0,1,0,1,0,0
0,0,17,0,0,1,3,3,1,2,0,1,1,0,1,0,0,1,0,4,3,3,2,2,3,7,12,12,12,0,0,0,1,0,0,0,0,1,0,0,0,0,1,0,1,0
0,0,16,0,0,1,4,3,1,2,0,1,1,0,1,0,0,1,0,4,3,3,1,2,3,5,12,12,12,0,0,0,0,1,0,0,0,1,0,0,0,0,1,0,1,0
1,1,17,1,0,1,2,2,2,2,1,1,0,0,0,0,0,1,1,4,3,3,2,3,3,8,9,9,10,1,0,0,0,0,0,0,0,1,0,1,0,0,0,0,1,0
0,1,16,0,0,1,4,3,1,2,0,1,1,0,1,0,0,1,0,4,3,3,1,2,4,5,13,12,14,0,0,0,1,0,0,0,0,0,1,0,0,0,1,0,1,0
0,0,16,0,0,1,4,3,1,2,0,1,1,0,1,0,0,1,0,4,3,3,1,2,4,3,12,12,12,0,0,0,0,1,0,0,0,0,1,1,0,0,0,0,1,0
0,0,17,0,0,1,3,3,2,2,0,1,1,0,1,0,0,1,0,4,3,3,2,2,3,9,10,10,11,0,0,0,0,1,1,0,0,0,0,0,0,0,1,0,1,0
0,1,16,0,0,1,3,3,2,2,1,1,1,0,1,0,0,1,0,4,4,3,2,3,4,4,11,11,11,0,0,0,1,0,0,0,1,0,0,1,0,0,0,0,1,0
0,1,17,0,0,1,3,2,2,2,1,1,0,0,1,0,0,1,0,4,3,3,2,3,4,10,11,11,11,0,0,0,1,0,0,0,1,0,0,0,0,0,1,0,1,0
0,1,17,0,0,1,3,3,1,2,1,1,1,0,1,0,0,1,0,4,3,3,2,3,4,10,11,11,12,0,0,0,1,0,0,0,0,0,1,0,0,0,1,0,1,0
0,0,16,0,0,1,3,3,2,2,0,1,1,0,0,0,0,1,0,4,3,3,1,2,4,3,11,11,11,0,0,0,0,1,1,0,0,0,0,1,0,0,0,0,1,0
0,0,17,0,0,1,3,2,2,2,0,1,1,0,1,0,0,0,0,4,3,3,1,2,4,3,10,10,10,1,0,0,0,0,0,0,1,0,0,1,0,0,0,0,1,0
0,1,17,0,0,1,3,3,2,2,0,1,1,0,0,0,0,1,0,4,3,3,2,3,4,4,10,10,10,0,0,0,0,1,0,0,1,0,0,1,0,0,0,0,1,0
0,0,17,0,0,1,3,3,2,2,0,1,1,0,0,0,0,1,0,4,3,3,2,2,4,4,11,11,11,0,0,0,0,1,0,0,0,0,1,1,0,0,0,0,1,0
0,0,17,0,0,1,2,2,2,2,0,1,1,0,1,0,0,1,0,4,3,3,1,2,3,5,10,10,10,1,0,0,0,0,0,0,0,1,0,0,0,1,0,0,1,0
0,0,17,0,0,1,3,3,1,2,0,1,1,0,1,0,0,1,0,4,3,3,2,3,3,7,11,11,11,0,0,1,0,0,0,0,0,1,0,0,0,0,1,0,1,0
1,1,17,0,0,1,2,2,2,2,1,1,0,0,0,0,0,0,1,4,3,3,2,3,4,6,9,9,10,1,0,0,0,0,0,0,0,1,0,1,0,0,0,0,1,0
1,0,17,1,0,1,1,2,2,2,1,1,1,0,0,0,0,1,0,4,3,3,2,2,3,5,10,10,10,1,0,0,0,0,0,0,1,0,0,0,0,1,0,1,0,0
0,1,17,0,0,1,3,3,1,2,0,1,1,0,1,0,0,1,0,4,4,3,1,2,4,7,13,12,13,0,0,0,1,0,0,0,1,0,0,0,0,0,1,0,1,0
0,0,17,0,0,1,3,2,1,2,0,1,1,0,1,0,0,1,0,4,3,3,1,2,3,5,11,11,12,0,0,1,0,0,0,0,1,0,0,0,0,0,1,0,1,0
0,1,16,0,0,1,3,3,1,2,0,1,1,0,1,0,0,1,0,4,4,3,2,2,4,6,12,12,13,0,0,0,1,0,0,0,0,0,1,0,0,0,1,0,1,0
0,1,17,0,0,1,3,3,2,2,1,1,1,0,1,0,0,1,0,4,3,3,2,3,4,8,10,10,11,0,0,0,1,0,0,0,1,0,0,1,0,0,0,1,0,0
0,0,16,0,0,1,3,3,1,2,0,1,1,0,1,0,0,1,0,4,3,3,1,2,3,3,12,12,11,0,0,1,0,0,0,0,0,1,0,0,1,0,0,1,0,0
0,0,17,0,0,1,3,2,2,2,0,1,1,0,1,0,0,1,0,4,3,3,2,2,3,8,11,11,11,0,0,1,0,0,0,0,1,0,0,0,0,0,1,0,1,0
0,1,17,0,0,1,3,3,2,2,1,1,1,0,0,0,0,1,0,4,3,3,2,3,4,4,10,10,10,0,0,0,1,0,0,0,0,1,0,1,0,0,0,0,1,0
1,1,18,1,0,1,2,2,2,2,1,1,0,0,0,0,0,1,1,4,3,3,2,3,3,9,9,10,10,1,0,0,0,0,0,0,0,1,0,0,0,1,0,0,1,0
0,0,17,0,0,1,3,3,2,2,0,1,1,0,1,0,0,1,0,4,3,3,2,2,3,7,11,11,11,0,0,0,0,1,0,0,0,0,1,1,0,0,0,0,1,0
0,1,17,0,0,1,3,2,1,2,0,1,0,0,1,0,0,1,0,4,4,3,1,2,4,2,11,12,12,0,0,0,1,0,0,0,1,0,0,1,0,0,0,0,1,0
0,1,17,0,0,1,3,3,2,2,1,1,1,0,0,0,0,1,1,3,3,3,2,3,3,11,9,10,10,0,0,1,0,0,0,0,0,1,0,0,0,1,0,0,1,0
0,1,17,0,0,1,3,3,2,2,1,1,1,0,1,0,0,1,0,4,3,3,2,3,4,7,11,11,11,0,0,0,1,0,0,0,0,1,0,0,0,0,1,0,1,0
0,0,17,0,0,1,3,2,2,2,0,1,1,0,0,0,0,1,1,3,3,3,2,3,4,10,9,10,10,0,0,1,0,0,0,0,1,0,0,0,1,0,0,0,1,0
1,0,17,0,0,1,2,2,2,2,0,1,1,0,0,0,0,0,0,4,3,3,1,2,4,2,10,9,9,1,0,0,0,0,1,0,0,0,0,1,0,0,0,0,1,0
0,0,17,0,0,1,3,3,2,2,0,1,1,0,1,0,0,1,1,4,3,3,1,2,3,8,10,10,11,1,0,0,0,0,1,0,0,0,0,0,0,0,1,0,1,0
1,0,17,0,0,1,2,3,2,2,1,1,1,0,0,0,0,1,1,3,3,3,2,3,4,9,10,9,11,0,0,1,0,0,0,0,1,0,0,1,0,0,0,1,0,0
1,1,18,0,0,1,2,2,2,2,1,1,0,0,0,0,0,1,0,3,3,3,2,3,3,9,10,10,10,1,0,0,0,0,1,0,0,0,0,0,1,0,0,0,0,1
0,0,17,0,0,1,3,3,2,2,0,1,1,0,0,0,0,1,0,4,3,3,2,2,3,2,12,12,12,1,0,0,0,0,1,0,0,0,0,0,1,0,0,1,0,0
1,0,17,0,0,1,2,2,2,2,0,1,0,0,1,0,0,1,0,4,3,3,2,3,3,4,10,10,10,0,0,0,1,0,0,0,0,1,0,0,0,0,1,0,1,0
0,1,17,0,0,1,3,3,1,2,1,1,1,0,0,0,0,1,0,4,3,3,2,3,4,8,11,12,11,0,0,0,1,0,0,0,0,1,0,0,1,0,0,0,1,0
0,0,16,0,0,1,3,3,1,2,0,1,1,0,1,0,0,1,0,4,3,3,1,2,3,3,12,12,11,0,0,0,1,0,0,0,0,1,0,0,1,0,0,1,0,0
0,0,17,0,0,1,2,3,2,2,1,1,1,0,0,0,0,1,1,4,3,3,2,2,4,7,10,10,11,0,0,1,0,0,0,0,1,0,0,1,0,0,0,1,0,0
0,0,17,0,0,1,3,3,1,2,0,1,1,0,1,0,0,1,0,4,3,3,1,2,3,4,11,11,11,0,0,0,1,0,0,0,0,1,0,1,0,0,0,0,1,0
0,1,17,0,0,1,2,2,2,2,0,1,0,0,0,0,0,1,0,4,3,3,2,2,4,8,10,10,11,0,0,1,0,0,0,0,1,0,0,0,1,0,0,0,0,1
0,0,16,0,0,1,2,2,1,2,0,1,1,0,1,0,0,1,0,4,3,3,1,2,3,3,11,11,12,0,0,1,0,0,0,0,1,0,0,0,0,0,1,0,1,0
0,1,17,0,0,1,2,2,2,2,0,1,1,0,0,0,0,1,1,3,3,3,2,3,3,11,10,10,10,1,0,0,0,0,0,0,0,1,0,0,1,0,0,0,1,0
0,1,17,0,0,1,2,2,2,2,1,1,1,0,0,0,0,1,0,3,3,3,2,3,4,9,10,10,11,1,0,0,0,0,1,0,0,0,0,0,1,0,0,1,0,0
0,1,17,0,0,1,3,3,2,2,0,1,1,0,1,0,0,1,0,4,3,3,2,2,4,7,11,10,12,0,0,1,0,0,0,0,1,0,0,1,0,0,0,1,0,0
1,1,18,1,0,1,1,2,2,2,1,1,0,0,0,0,1,0,1,4,3,3,2,3,3,8,9,10,9,1,0,0,0,0,0,0,0,1,0,1,0,0,0,0,0,1
0,1,16,0,0,1,3,3,1,2,0,1,1,0,1,0,0,1,0,4,3,3,2,2,4,5,12,12,12,0,0,0,1,0,0,0,0,0,1,1,0,0,0,0,1,0
0,1,17,0,0,1,3,3,1,2,0,1,1,0,0,0,0,1,0,4,3,3,2,3,4,9,11,11,11,0,0,1,0,0,0,0,1,0,0,0,1,0,0,0,1,0
1,0,17,1,0,1,2,2,2,2,1,1,0,0,0,0,0,1,1,4,3,3,2,3,3,10,10,9,10,0,0,1,0,0,0,0,1,0,0,0,0,0,1,0,1,0
0,1,17,0,0,1,3,3,2,2,1,1,1,0,1,0,0,1,0,4,3,3,2,3,4,9,10,11,11,0,0,0,1,0,0,0,0,1,0,0,1,0,0,1,0,0
0,0,16,0,0,1,4,3,1,2,0,1,1,0,1,0,0,1,0,4,3,3,1,2,3,4,12,12,13,0,0,0,0,1,0,0,1,0,0,0,0,0,1,0,1,0
1,0,18,1,0,1,1,1,2,2,1,1,0,0,0,0,0,1,0,4,3,3,2,2,3,7,9,9,9,0,0,1,0,0,0,0,1,0,0,0,1,0,0,0,1,0
0,1,17,0,0,1,2,2,2,2,1,1,0,0,1,0,0,1,0,4,3,3,2,3,4,9,9,10,10,0,0,1,0,0,0,0,1,0,0,0,0,0,1,0,1,0
0,1,17,0,0,1,3,3,2,2,1,1,1,0,0,0,0,1,0,4,4,3,2,3,4,5,10,10,10,0,0,0,1,0,0,0,1,0,0,1,0,0,0,0,1,0
0,0,17,0,0,1,3,3,2,2,0,1,1,0,1,0,0,1,0,4,3,3,2,2,3,6,10,11,11,0,0,0,0,1,0,0,0,1,0,1,0,0,0,0,1,0
1,0,17,1,0,1,2,2,2,2,1,1,0,0,0,0,0,1,0,4,3,3,2,2,3,8,10,10,10,0,0,1,0,0,0,0,1,0,0,0,0,1,0,0,1,0
1,0,18,1,0,1,1,2,2,2,1,1,1,0,0,0,1,0,0,4,3,3,2,3,3,6,9,9,9,1,0,0,0,0,1,0,0,0,0,1,0,0,0,0,1,0
0,0,15,0,0,1,4,3,1,3,0,1,1,1,1,0,0,1,0,4,3,3,1,1,3,1,15,15,16,0,0,0,0,1,0,0,1,0,0,0,0,0,1,0,1,0
0,1,17,0,0,1,3,3,1,2,0,1,1,0,1,0,0,1,0,4,3,3,2,2,4,8,13,12,13,0,0,0,1,0,0,0,0,0,1,0,0,0,1,0,1,0
0,1,17,0,0,1,3,3,2,2,0,1,1,0,1,0,0,1,0,4,3,3,2,3,4,9,11,11,12,0,1,0,0,0,0,0,1,0,0,0,0,0,1,1,0,0
0,1,17,0,0,1,2,3,2,2,1,1,1,0,0,0,0,1,1,4,3,3,2,3,4,7,10,9,10,0,0,1,0,0,0,0,1,0,0,1,0,0,0,1,0,0
1,1,18,1,0,1,2,2,2,2,1,1,0,0,0,0,0,1,1,4,3,3,2,3,3,4,9,9,9,0,0,1,0,0,0,0,0,1,0,1,0,0,0,0,1,0
0,1,17,0,0,1,3,3,2,2,1,1,1,0,1,0,0,1,0,4,3,3,2,3,4,8,10,10,11,0,0,0,1,0,0,0,0,1,0,1,0,0,0,0,1,0
0,1,17,0,0,1,3,2,2,2,0,1,0,0,1,0,0,1,0,4,3,3,2,3,4,9,11,11,11,0,0,1,0,0,0,0,1,0,0,0,0,0,1,0,1,0
0,0,16,0,0,1,4,3,1,2,0,1,1,0,1,0,0,1,0,4,3,3,1,2,3,1,13,13,14,0,0,0,0,1,0,0,1,0,0,1,0,0,0,0,1,0
0,1,17,0,0,1,3,3,2,2,1,1,1,0,0,0,0,1,1,3,3,3,2,3,3,12,10,10,10,0,0,0,1,0,0,0,0,1,0,0,1,0,0,0,1,0
0,1,17,0,0,1,3,3,1,2,0,1,1,0,1,0,0,1,0,4,3,3,1,2,4,7,12,12,12,0,0,0,1,0,0,0,1,0,0,0,1,0,0,1,0,0
0,1,17,0,0,1,3,3,1,2,0,1,0,0,0,0,0,1,0,4,3,3,2,3,3,4,12,11,10,0,0,1,0,0,0,0,0,1,0,0,1,0,0,1,0,0
0,0,17,0,0,1,2,2,2,2,0,1,0,0,1,0,0,1,0,4,3,3,1,2,3,4,11,10,11,0,0,1,0,0,0,0,1,0,0,0,0,0,1,0,1,0
0,0,17,0,0,1,2,2,2,2,0,1,0,0,0,0,0,1,0,4,3,3,2,2,4,5,10,10,11,0,0,1,0,0,0,0,1,0,0,0,1,0,0,0,0,1
0,1,16,0,0,1,3,3,1,2,0,1,1,0,1,0,0,1,0,4,3,3,2,2,4,4,11,12,13,0,0,0,1,0,0,0,0,1,0,0,0,0,1,1,0,0
0,1,17,0,0,1,3,3,1,2,0,1,1,0,0,0,0,1,0,4,3,3,2,3,4,9,11,11,12,0,0,1,0,0,0,0,1,0,0,0,1,0,0,0,0,1
0,1,17,0,0,1,3,2,2,2,1,1,0,0,1,0,0,1,0,4,3,3,2,3,3,9,10,10,10,0,0,0,1,0,0,0,0,1,0,0,1,0,0,0,0,1
1,0,17,1,0,1,1,2,2,2,1,1,1,0,0,0,0,0,0,4,3,3,2,3,4,7,8,9,9,1,0,0,0,0,0,0,1,0,0,1,0,0,0,0,1,0
0,1,17,0,0,1,2,2,2,2,0,1,0,0,0,0,0,1,0,3,3,3,2,3,3,7,10,10,11,1,0,0,0,0,1,0,0,0,0,0,1,0,0,1,0,0
0,1,16,0,0,1,3,3,2,2,0,1,1,0,1,0,0,1,0,4,3,3,2,2,4,5,11,11,12,0,0,0,1,0,0,0,0,0,1,1,0,0,0,1,0,0
1,0,18,1,0,1,1,2,2,2,1,1,1,0,0,0,1,0,0,4,3,3,2,2,4,7,9,9,10,1,0,0,0,0,0,0,1,0,0,1,0,0,0,0,0,1
1,0,17,0,0,1,2,3,2,2,0,1,1,0,0,0,0,1,0,4,3,3,2,2,4,2,11,11,10,0,0,1,0,0,0,0,0,1,0,1,0,0,0,1,0,0
0,0,16,0,0,1,3,3,1,3,0,1,1,0,1,0,0,1,0,4,3,3,1,1,3,1,13,13,13,0,0,0,0,1,0,0,1,0,0,1,0,0,0,0,1,0
0,1,17,0,0,1,3,2,2,2,0,1,1,0,1,0,0,1,0,4,3,3,1,2,3,4,11,12,12,0,0,1,0,0,0,0,1,0,0,0,0,0,1,1,0,0
0,0,16,0,0,1,2,3,1,2,0,1,1,0,0,0,0,1,0,4,3,3,1,2,3,1,12,13,12,0,0,1,0,0,0,0,0,1,0,0,0,0,1,1,0,0
0,0,17,0,0,1,3,3,2,2,0,1,1,0,1,0,0,1,0,4,3,3,1,2,3,6,11,11,12,0,0,1,0,0,0,0,1,0,0,0,0,0,1,0,1,0
1,1,17,0,0,1,2,2,2,2,1,1,1,0,0,0,0,0,0,4,3,3,2,3,4,3,9,9,9,1,0,0,0,0,1,0,0,0,0,1,0,0,0,0,1,0
0,0,17,0,0,1,3,3,1,2,0,1,1,0,1,0,0,1,0,4,3,3,1,2,3,3,11,12,11,1,0,0,0,0,1,0,0,0,0,0,0,0,1,0,1,0
1,1,17,0,0,1,2,2,2,2,1,1,0,0,0,0,0,1,1,4,3,3,2,3,3,7,9,9,10,0,0,1,0,0,0,0,0,1,0,1,0,0,0,0,1,0
1,0,17,0,0,1,2,2,2,2,1,1,0,0,0,0,0,1,1,4,3,3,2,3,4,5,9,10,10,0,0,1,0,0,0,0,0,1,0,1,0,0,0,0,1,0
1,0,17,0,0,1,2,2,2,2,0,1,1,0,0,0,0,1,1,4,3,3,2,3,4,3,11,10,10,0,0,1,0,0,0,0,0,1,0,1,0,0,0,1,0,0
0,1,17,0,0,1,3,3,2,2,0,1,1,0,0,0,0,1,1,3,3,3,2,3,4,12,10,10,10,0,0,1,0,0,0,0,1,0,0,0,1,0,0,0,1,0
0,0,16,0,0,1,3,2,1,2,0,1,1,0,1,0,0,1,0,4,3,3,1,2,3,4,11,12,12,0,0,1,0,0,0,0,1,0,0,0,0,0,1,0,1,0
1,0,17,1,0,1,2,2,2,2,0,1,1,0,0,0,0,1,0,4,3,3,2,2,3,5,10,11,11,1,0,0,0,0,0,0,1,0,0,0,0,1,0,1,0,0
1,0,17,0,0,1,2,2,2,2,0,1,1,0,0,0,0,0,0,3,3,3,2,2,4,4,10,9,10,1,0,0,0,0,0,0,1,0,0,0,1,0,0,0,0,1
0,0,17,0,0,1,3,3,1,2,0,1,1,0,0,0,0,1,0,4,3,3,2,2,3,9,11,11,11,0,0,0,0,1,0,0,0,1,0,0,1,0,0,0,1,0
0,1,17,0,0,1,3,3,2,2,1,1,1,0,0,0,0,1,0,4,3,3,2,3,4,9,10,10,10,0,0,0,1,0,0,0,0,0,1,1,0,0,0,0,1,0
0,1,17,0,0,1,3,2,2,2,1,1,1,0,0,0,0,1,0,4,3,3,2,3,4,4,10,10,10,0,0,0,1,0,0,0,0,1,0,1,0,0,0,0,1,0
0,0,17,0,0,1,3,3,2,2,1,1,1,0,1,0,0,1,0,4,3,3,2,3,4,6,10,11,11,0,0,0,1,0,0,0,0,1,0,1,0,0,0,1,0,0
0,1,17,0,0,1,3,2,1,2,0,1,1,0,1,0,0,1,0,4,3,3,2,3,3,5,11,11,11,0,0,0,1,0,0,0,0,1,0,0,0,0,1,1,0,0
1,0,17,1,0,1,1,2,2,2,0,1,1,0,1,0,0,0,0,4,3,3,1,2,3,4,10,10,10,1,0,0,0,0,0,0,1,0,0,0,0,1,0,0,1,0
0,0,17,1,0,1,2,2,2,2,0,1,1,0,1,0,0,0,1,4,3,3,2,2,3,8,9,9,9,1,0,0,0,0,0,0,1,0,0,1,0,0,0,0,1,0
1,0,17,1,0,1,2,2,2,2,1,1,1,0,0,0,0,1,1,3,3,3,2,3,3,10,9,9,10,1,0,0,0,0,0,0,1,0,0,0,0,1,0,1,0,0
0,0,16,0,0,1,4,3,1,2,0,1,1,0,1,0,0,1,0,4,4,3,1,2,4,2,15,15,16,0,0,0,1,0,0,0,1,0,0,0,0,0,1,0,1,0
0,0,17,0,0,1,2,2,2,2,0,1,0,0,1,0,0,1,0,4,3,3,1,2,3,5,11,10,11,0,0,1,0,0,0,0,1,0,0,0,0,0,1,0,1,0
1,1,18,1,0,1,2,2,2,2,1,1,0,0,0,0,0,1,1,4,3,3,2,3,3,6,10,9,10,0,0,1,0,0,0,0,0,1,0,0,0,1,0,0,1,0
1,0,18,1,0,1,1,1,2,2,1,1,0,0,0,0,0,1,0,4,3,4,1,2,4,3,9,10,9,0,0,1,0,0,0,0,1,0,0,1,0,0,0,0,1,0
0,0,17,1,0,1,2,2,2,2,1,1,0,0,0,0,0,1,1,4,3,3,2,2,4,8,10,9,10,0,0,1,0,0,0,0,1,0,0,1,0,0,0,0,1,0
0,1,17,0,0,1,2,2,2,2,1,1,1,0,0,1,0,1,1,4,3,3,2,3,4,6,9,9,9,0,0,1,0,0,0,0,1,0,0,1,0,0,0,0,1,0
0,0,17,0,0,1,3,3,2,2,0,1,1,0,1,0,0,1,0,4,3,3,2,2,3,3,11,11,11,0,0,1,0,0,0,0,0,1,0,0,0,0,1,1,0,0
0,0,16,0,0,1,3,3,1,2,0,1,1,0,0,0,0,1,0,4,3,3,1,2,3,5,11,11,12,0,0,1,0,0,0,0,1,0,0,0,1,0,0,0,1,0
0,1,17,0,0,1,3,3,2,2,0,1,1,0,1,0,0,1,0,4,3,3,2,3,4,9,11,11,12,0,1,0,0,0,0,0,1,0,0,0,1,0,0,1,0,0
0,0,17,0,0,1,2,2,2,2,0,1,1,0,1,0,0,1,0,4,3,3,1,2,3,4,11,11,11,1,0,0,0,0,0,0,0,1,0,1,0,0,0,0,1,0
1,0,17,1,0,1,1,1,2,2,1,1,1,0,0,0,0,0,0,4,3,4,1,2,4,2,9,9,9,1,0,0,0,0,0,0,1,0,0,1,0,0,0,0,1,0
0,1,17,0,0,1,3,3,1,2,0,1,1,0,1,0,0,1,0,4,3,3,2,3,4,9,12,11,12,0,0,0,1,0,0,0,1,0,0,0,0,0,1,0,1,0
1,0,18,1,0,1,1,1,2,2,1,1,0,0,0,0,0,1,0,4,3,3,2,2,4,5,9,9,9,0,0,1,0,0,0,0,1,0,0,0,1,0,0,0,0,1
0,0,17,0,0,1,3,3,2,2,0,1,1,0,1,0,0,1,0,4,3,3,1,2,3,6,11,11,11,0,0,0,0,1,0,0,0,1,0,1,0,0,0,0,1,0
0,0,17,0,0,1,3,3,1,2,0,1,1,0,1,0,0,1,0,4,3,3,2,2,3,6,11,11,11,0,0,0,0,1,0,0,0,1,0,0,0,0,1,0,1,0
0,0,16,0,0,1,2,2,1,2,0,1,1,0,1,0,0,1,0,4,3,3,1,2,3,1,12,12,11,1,0,0,0,0,0,0,1,0,0,0,0,0,1,0,1,0
1,1,17,1,0,1,2,2,2,2,1,1,0,0,0,0,0,1,1,3,3,3,2,3,4,10,9,9,10,0,0,1,0,0,0,0,1,0,0,1,0,0,0,0,0,1
0,1,17,0,0,1,3,2,1,2,0,1,1,0,0,0,0,1,0,4,3,3,2,2,4,8,10,10,11,0,0,1,0,0,0,0,1,0,0,0,1,0,0,0,1,0
1,0,17,0,0,1,1,2,2,2,1,1,0,0,0,0,0,1,1,4,3,3,2,3,4,3,10,10,10,0,0,1,0,0,0,0,0,1,0,1,0,0,0,1,0,0
1,0,17,1,0,1,2,2,2,2,1,1,0,0,0,0,0,1,0,4,3,3,2,2,3,9,10,10,10,0,0,1,0,0,0,0,1,0,0,0,0,1,0,0,1,0
1,0,17,1,0,1,1,1,2,1,1,1,1,0,0,1,1,0,0,4,4,3,2,3,4,2,8,8,9,1,0,0,0,0,0,0,1,0,0,1,0,0,0,0,1,0
0,1,17,0,0,1,3,3,2,2,1,1,1,0,0,0,0,1,0,4,3,3,2,3,4,5,11,10,11,0,0,0,1,0,0,0,0,0,1,1,0,0,0,1,0,0
0,0,17,0,0,1,2,2,2,2,0,1,0,0,1,0,0,1,0,4,3,3,2,3,3,3,10,10,11,0,0,1,0,0,0,0,0,1,0,0,0,0,1,1,0,0
0,0,16,0,0,1,3,3,2,2,0,1,1,0,0,0,0,1,0,4,3,3,2,2,4,3,11,11,11,0,0,1,0,0,0,0,0,0,1,1,0,0,0,1,0,0
0,1,17,0,0,1,3,2,2,2,0,1,1,0,0,0,0,1,1,4,3,3,2,3,4,10,10,10,10,0,0,1,0,0,0,0,1,0,0,0,1,0,0,0,1,0
0,1,16,0,0,1,4,3,1,2,0,1,1,0,1,0,0,1,0,4,4,3,1,2,4,2,13,13,13,0,0,0,1,0,0,0,1,0,0,1,0,0,0,0,1,0
0,1,17,0,0,1,3,3,2,2,1,1,1,0,1,0,0,1,0,4,3,3,2,3,4,7,11,11,12,0,0,0,1,0,0,0,0,1,0,0,0,0,1,0,1,0
1,0,17,1,0,1,2,2,2,2,0,1,1,0,1,0,0,1,0,4,3,3,2,2,3,7,9,10,10,1,0,0,0,0,0,0,1,0,0,0,0,1,0,0,1,0
0,1,17,0,0,1,3,3,2,2,0,1,1,0,1,0,0,1,1,4,3,3,2,3,3,10,10,10,11,0,0,1,0,0,0,0,0,1,0,0,0,1,0,0,1,0
1,0,17,1,0,1,2,2,2,2,1,1,1,0,0,0,0,1,0,3,3,3,2,3,3,9,10,10,11,0,0,1,0,0,0,0,1,0,0,0,1,0,0,1,0,0
0,1,16,0,0,1,3,3,1,2,0,1,1,0,1,0,0,1,0,4,4,3,1,2,4,1,12,12,12,0,0,0,0,1,0,0,1,0,0,1,0,0,0,0,1,0
1,0,18,1,0,1,1,1,2,2,1,1,0,0,0,0,1,0,0,4,3,3,2,2,3,4,9,9,9,1,0,0,0,0,0,0,1,0,0,0,0,1,0,0,1,0
0,0,17,0,0,1,3,3,2,2,0,1,1,0,1,0,0,1,1,4,3,3,2,2,3,8,10,11,11,1,0,0,0,0,0,0,0,1,0,0,0,0,1,0,1,0
1,0,17,0,0,1,2,2,1,2,1,1,0,0,0,0,0,1,0,4,3,3,2,3,4,2,10,10,11,0,0,0,1,0,0,0,0,1,0,1,0,0,0,0,1,0
0,0,17,0,0,1,3,3,2,2,1,1,1,0,0,0,0,1,1,4,3,3,2,2,4,5,11,10,11,0,0,1,0,0,0,0,1,0,0,1,0,0,0,1,0,0
0,0,17,1,0,1,2,2,2,2,0,1,1,0,1,0,0,1,1,4,3,3,2,2,3,6,10,10,10,1,0,0,0,0,0,0,0,1,0,0,0,1,0,0,1,0
0,1,17,0,0,1,3,3,1,2,0,1,1,0,0,0,0,1,0,4,3,3,2,3,4,8,11,11,12,0,0,1,0,0,0,0,1,0,0,0,1,0,0,1,0,0
0,0,17,0,0,1,2,2,2,2,0,1,1,0,0,0,0,1,1,4,3,3,2,2,3,8,10,10,10,1,0,0,0,0,1,0,0,0,0,0,1,0,0,0,1,0
0,1,17,0,0,1,2,2,1,2,0,1,0,0,0,0,0,1,0,4,3,3,1,2,4,5,11,11,11,0,0,1,0,0,0,0,1,0,0,0,1,0,0,0,0,1
1,1,18,1,0,1,2,2,2,2,1,1,0,0,0,0,0,1,1,4,3,3,2,3,3,8,9,10,10,0,0,1,0,0,0,0,0,1,0,0,0,1,0,0,1,0
0,1,17,0,0,1,2,2,2,2,0,1,0,0,1,0,0,1,0,4,3,3,2,3,4,7,10,10,11,0,0,1,0,0,0,0,1,0,0,1,0,0,0,0,1,0
1,0,17,0,0,1,1,2,2,2,0,1,1,0,0,0,0,1,0,4,4,3,1,2,4,1,10,11,10,0,0,1,0,0,0,0,0,1,0,1,0,0,0,1,0,0
0,0,16,0,0,1,3,2,1,2,0,1,1,0,1,0,0,1,0,4,3,3,1,2,3,3,12,13,13,0,0,1,0,0,0,0,1,0,0,0,0,0,1,0,1,0
0,1,16,0,0,1,3,3,1,2,0,1,1,0,1,0,0,1,0,4,3,3,1,2,4,3,12,13,12,0,0,1,0,0,0,0,1,0,0,0,1,0,0,1,0,0
0,0,17,0,0,1,3,3,2,2,0,1,1,0,1,0,0,1,0,4,3,3,2,2,3,4,11,12,11,0,0,1,0,0,0,1,0,0,0,0,0,0,1,1,0,0
0,1,17,0,0,1,3,3,1,2,0,1,1,0,0,0,0,1,1,4,3,4,2,3,4,11,10,10,10,0,0,1,0,0,0,0,0,1,0,0,1,0,0,0,1,0
0,1,17,0,0,1,3,3,1,2,0,1,1,0,1,0,0,1,0,4,3,3,1,2,4,6,12,12,12,0,0,0,1,0,0,0,1,0,0,0,0,0,1,0,1,0
0,1,17,0,0,1,2,2,2,2,0,1,0,0,0,0,0,1,0,4,3,4,2,3,4,5,10,10,10,0,0,1,0,0,0,0,1,0,0,1,0,0,0,0,1,0
0,1,17,0,0,1,2,2,2,2,1,1,1,0,0,0,0,1,1,4,3,3,2,3,4,11,10,10,10,0,0,1,0,0,0,0,0,1,0,0,1,0,0,0,0,1
0,1,17,0,0,1,3,3,1,2,0,1,1,0,0,0,0,1,0,4,3,3,2,3,4,4,11,11,11,0,0,1,0,0,0,0,0,1,0,0,1,0,0,1,0,0
1,1,17,1,0,1,2,2,2,2,1,1,1,0,0,0,0,1,1,3,3,3,2,3,3,10,9,10,10,0,0,1,0,0,0,0,0,1,0,0,0,1,0,1,0,0
0,1,17,0,0,1,2,2,2,2,1,1,0,0,0,0,0,1,1,3,3,3,2,3,3,12,10,10,11,0,0,1,0,0,0,0,1,0,0,0,0,0,1,0,0,1
1,1,18,0,0,1,2,2,2,2,1,1,0,0,1,0,0,1,1,4,3,3,2,3,3,8,10,10,10,0,0,1,0,0,0,0,0,1,0,0,0,1,0,0,1,0
0,1,16,0,0,1,3,3,1,2,0,1,1,0,1,0,0,1,0,4,3,3,2,2,4,4,12,12,12,0,0,0,1,0,0,0,0,1,0,0,0,0,1,0,1,0
0,0,16,0,0,1,3,3,1,2,0,1,1,0,1,0,0,1,0,4,3,3,2,2,4,4,11,11,12,0,0,0,1,0,0,0,0,1,0,1,0,0,0,1,0,0
0,0,16,0,0,1,4,3,1,2,0,1,1,0,1,0,0,1,0,4,3,3,1,2,4,4,12,12,13,0,0,0,0,1,0,0,0,0,1,0,0,0,1,0,1,0
1,0,18,1,0,1,1,1,2,2,1,1,0,0,0,0,1,0,0,4,3,3,2,3,3,5,9,9,9,1,0,0,0,0,0,0,0,1,0,1,0,0,0,0,0,1
0,1,17,0,0,1,3,3,2,2,0,1,1,0,1,0,0,1,0,4,3,3,2,3,3,9,11,11,11,0,0,0,1,0,0,0,0,1,0,0,0,0,1,0,1,0
1,0,17,1,0,1,2,2,2,2,1,1,1,0,0,0,0,0,1,4,3,3,2,3,4,7,9,9,9,1,0,0,0,0,0,0,1,0,0,1,0,0,0,0,1,0
1,0,17,0,0,1,1,2,2,2,0,1,1,0,0,0,0,1,0,4,3,3,1,2,3,1,11,12,11,1,0,0,0,0,0,0,0,1,0,0,0,1,0,1,0,0
0,0,17,0,0,1,2,2,1,2,0,1,1,0,0,0,0,1,0,4,3,3,1,2,3,3,11,11,11,0,0,1,0,0,0,0,1,0,0,0,1,0,0,0,1,0
0,0,17,0,0,1,3,2,2,2,0,1,1,0,0,0,0,1,1,4,3,3,2,2,3,9,10,10,10,0,0,1,0,0,0,0,1,0,0,0,1,0,0,0,1,0
0,0,17,0,0,1,3,2,2,2,0,1,0,0,1,0,0,1,0,4,3,3,1,2,3,4,11,11,11,0,0,1,0,0,0,0,1,0,0,0,0,0,1,0,1,0
1,0,18,1,0,1,1,2,2,2,1,1,1,0,0,0,1,0,0,4,3,3,2,3,3,6,9,10,9,1,0,0,0,0,1,0,0,0,0,1,0,0,0,0,0,1
1,0,17,0,0,1,2,2,2,2,1,1,1,0,0,0,0,1,0,4,3,3,2,2,4,4,10,9,10,1,0,0,0,0,0,0,1,0,0,1,0,0,0,1,0,0
0,1,17,0,0,1,3,2,1,2,0,1,0,0,1,0,0,1,0,4,3,3,1,3,4,5,11,12,11,0,0,0,1,0,0,0,1,0,0,0,0,0,1,0,1,0
0,1,17,0,0,1,3,3,1,2,0,1,1,0,1,0,0,1,0,4,3,3,2,3,3,9,11,11,11,0,0,0,1,0,0,0,0,1,0,0,1,0,0,0,1,0
0,1,17,0,0,1,3,3,2,2,1,1,1,0,0,0,0,1,1,3,3,3,2,3,3,10,10,10,10,0,0,1,0,0,1,0,0,0,0,0,0,1,0,1,0,0
0,1,17,0,0,1,3,3,2,2,0,1,1,0,1,0,0,1,1,3,3,3,2,3,4,10,10,10,11,0,0,0,0,1,0,0,0,0,1,1,0,0,0,0,1,0
0,1,16,0,0,1,3,3,2,2,0,1,1,0,0,0,0,1,0,4,3,3,2,2,4,4,11,10,11,0,0,1,0,0,0,0,1,0,0,1,0,0,0,1,0,0
0,1,17,0,0,1,3,3,1,2,0,1,1,0,1,0,0,1,0,4,3,3,1,2,4,6,12,12,12,0,0,1,0,0,0,0,1,0,0,0,1,0,0,1,0,0
0,1,17,0,0,1,3,3,1,2,0,1,1,0,1,0,0,1,0,4,3,3,2,3,3,10,11,11,11,0,0,0,0,1,0,0,0,1,0,0,1,0,0,0,1,0
0,0,16,0,0,1,3,3,1,2,0,1,1,0,1,0,0,1,0,4,3,3,1,2,3,3,11,12,12,1,0,0,0,0,0,0,0,0,1,1,0,0,0,0,1,0
0,1,18,0,0,1,2,1,2,2,1,1,0,0,0,1,0,1,0,4,3,4,1,2,4,3,9,10,10,0,0,1,0,0,0,0,1,0,0,1,0,0,0,0,1,0
0,1,17,0,0,1,3,3,2,2,1,1,1,0,0,0,0,1,0,4,3,3,2,3,4,8,10,10,11,0,0,0,1,0,0,0,0,0,1,1,0,0,0,1,0,0
0,0,16,0,0,1,3,2,2,2,0,1,1,0,1,0,0,1,0,4,3,3,1,2,3,4,11,11,11,0,0,1,0,0,0,0,1,0,0,0,0,0,1,0,1,0
0,0,16,1,0,1,3,2,2,2,0,1,1,0,1,0,0,1,0,4,3,3,1,2,3,5,11,11,11,1,0,0,0,0,0,0,1,0,0,0,0,0,1,0,1,0
1,0,17,1,0,1,1,2,2,1,1,1,1,0,0,0,1,0,0,4,3,3,2,3,4,5,9,9,9,1,0,0,0,0,0,0,1,0,0,1,0,0,0,0,0,1
1,0,17,0,0,1,2,2,2,2,1,1,1,0,0,0,0,1,0,3,3,3,2,3,4,9,10,9,10,0,0,1,0,0,0,0,1,0,0,0,1,0,0,0,0,1
1,1,17,0,0,1,2,3,2,2,1,1,1,0,0,0,0,1,1,4,3,3,2,3,4,5,10,9,10,0,0,1,0,0,1,0,0,0,0,1,0,0,0,1,0,0
0,1,16,0,0,1,3,3,1,2,0,1,1,0,1,0,0,1,0,4,3,3,2,3,4,4,12,12,12,0,0,0,1,0,0,0,0,1,0,0,1,0,0,0,1,0
0,1,17,0,0,1,3,3,2,2,1,1,1,0,1,0,0,1,0,4,3,3,2,3,4,10,11,10,11,0,0,0,1,0,0,0,1,0,0,1,0,0,0,0,1,0
0,0,17,1,0,1,2,2,2,2,0,1,0,0,1,0,0,1,0,4,3,3,1,2,3,3,11,11,11,0,0,1,0,0,0,0,1,0,0,0,0,0,1,0,1,0
0,0,16,0,0,1,4,3,1,2,0,1,1,0,1,0,0,1,0,4,3,3,1,2,3,3,12,12,12,0,0,0,0,1,0,0,1,0,0,0,1,0,0,0,1,0
0,1,16,0,0,1,3,3,2,2,0,1,1,0,1,0,0,1,0,4,3,3,2,2,4,8,11,11,12,0,0,0,1,0,0,0,1,0,0,0,0,0,1,1,0,0
0,1,17,0,0,1,2,2,2,2,0,1,0,0,0,0,0,1,0,4,3,3,2,3,3,4,10,11,11,0,0,1,0,0,0,0,0,1,0,0,1,0,0,1,0,0
0,0,17,0,0,1,3,3,2,2,0,1,1,0,1,0,0,1,0,4,3,3,1,2,4,4,11,11,11,0,0,0,0,1,0,0,0,0,1,1,0,0,0,0,1,0
0,1,17,0,0,1,3,3,2,2,1,1,1,0,0,0,0,1,1,4,3,3,2,3,4,7,10,9,10,0,0,1,0,0,0,0,1,0,0,1,0,0,0,0,1,0
0,0,16,0,0,1,3,3,1,2,0,1,1,0,1,0,0,1,0,4,3,3,1,2,3,5,11,12,12,0,0,0,0,1,0,0,0,1,0,0,0,0,1,0,1,0
0,1,17,0,0,1,3,3,2,2,0,1,1,0,0,0,0,1,0,4,3,3,2,2,4,2,10,9,10,0,0,0,0,1,0,0,1,0,0,1,0,0,0,0,1,0
1,0,17,1,0,1,2,2,2,2,1,1,1,0,0,0,0,1,0,4,3,3,2,2,4,4,10,9,10,0,0,1,0,0,0,0,1,0,0,1,0,0,0,1,0,0
0,1,17,0,0,1,2,2,2,2,1,1,1,0,0,0,0,1,1,4,3,3,2,3,4,9,10,9,10,0,0,1,0,0,0,0,1,0,0,1,0,0,0,0,0,1
0,1,17,0,0,1,3,3,2,2,1,1,1,0,1,0,0,1,0,4,3,3,2,3,4,9,10,10,10,0,0,0,1,0,0,0,0,1,0,1,0,0,0,0,1,0
0,1,17,0,0,1,3,3,1,2,1,1,1,0,0,0,0,1,0,4,3,3,2,3,4,12,11,11,11,0,0,0,1,0,0,0,1,0,0,0,1,0,0,0,1,0
0,0,17,0,0,1,3,3,1,2,0,1,1,0,1,0,0,1,0,4,3,3,1,2,3,5,11,12,12,0,0,0,0,1,0,0,0,1,0,1,0,0,0,0,1,0
0,1,17,0,0,1,2,2,2,2,1,1,0,0,1,0,0,1,0,4,3,3,2,2,4,7,10,10,11,0,0,1,0,0,0,0,1,0,0,0,0,0,1,0,0,1
1,0,17,1,0,1,2,2,2,2,1,1,1,0,0,0,0,1,1,3,3,3,2,3,3,11,9,9,10,0,0,1,0,0,0,0,1,0,0,0,0,1,0,1,0,0
0,1,17,0,0,1,3,3,1,2,1,1,1,0,1,0,0,1,0,4,3,3,2,3,4,10,12,11,12,0,0,0,1,0,0,0,1,0,0,0,1,0,0,0,1,0
0,1,17,0,0,1,2,2,2,2,0,1,1,0,1,0,0,1,0,4,3,3,2,2,4,5,11,11,11,0,0,1,0,0,0,0,1,0,0,1,0,0,0,1,0,0
0,1,17,0,0,1,3,3,1,2,0,1,1,0,0,0,0,1,0,4,3,3,2,2,4,4,11,11,11,0,0,1,0,0,0,0,1,0,0,0,1,0,0,1,0,0
0,0,17,0,0,1,3,3,2,2,0,1,1,0,0,0,0,1,0,4,3,3,2,2,4,5,10,9,10,1,0,0,0,0,0,0,1,0,0,1,0,0,0,0,1,0
0,1,17,0,0,1,3,2,1,2,0,1,0,0,0,0,0,1,0,4,3,3,2,2,4,7,11,11,12,0,0,1,0,0,0,0,1,0,0,0,1,0,0,0,0,1
0,0,16,0,0,1,3,3,1,2,0,1,1,0,1,0,0,1,0,4,3,3,1,2,4,1,13,13,12,0,0,1,0,0,0,0,0,1,0,0,1,0,0,1,0,0
0,0,17,0,0,1,2,2,2,2,0,1,0,0,1,0,0,1,1,4,3,3,2,2,3,7,10,10,11,0,0,1,0,0,0,0,1,0,0,0,0,0,1,0,1,0
0,0,16,0,0,1,3,3,1,2,0,1,1,0,1,0,0,1,0,4,3,3,1,2,3,6,12,12,12,0,0,0,0,1,0,0,0,1,0,0,1,0,0,0,1,0
1,1,17,1,0,1,3,2,2,2,1,1,0,0,1,0,0,1,1,4,3,3,2,3,3,7,10,10,10,0,0,0,1,0,0,0,0,1,0,0,0,1,0,0,1,0
1,0,17,1,0,1,2,2,2,2,1,1,0,0,0,0,0,1,1,4,3,3,2,2,3,10,9,9,10,0,0,1,0,0,0,0,1,0,0,1,0,0,0,0,1,0
0,0,17,1,0,1,2,2,2,2,0,1,0,0,1,0,0,1,0,4,3,3,1,2,3,4,10,10,10,0,0,1,0,0,0,0,1,0,0,1,0,0,0,0,1,0
0,0,17,1,0,1,2,2,2,2,0,1,1,0,0,0,0,1,0,3,3,3,2,3,3,9,10,10,10,1,0,0,0,0,0,0,1,0,0,0,1,0,0,0,1,0
0,1,17,0,0,1,3,3,2,2,1,1,1,0,1,0,0,1,0,4,3,3,2,3,4,6,11,11,11,0,0,0,1,0,0,0,0,1,0,0,0,0,1,0,1,0
0,1,17,0,0,1,3,2,2,2,0,1,1,0,0,0,0,1,0,4,3,3,2,2,4,3,10,9,10,0,0,1,0,0,0,0,1,0,0,1,0,0,0,0,1,0
0,1,17,0,0,1,3,3,2,2,0,1,1,0,0,0,0,1,0,3,3,3,2,3,4,9,11,11,11,0,1,0,0,0,0,0,1,0,0,0,1,0,0,1,0,0
0,0,17,0,0,1,3,2,2,2,0,1,1,0,0,0,0,1,0,4,3,3,2,2,3,6,10,10,10,0,0,1,0,0,0,0,1,0,0,1,0,0,0,0,1,0
0,1,17,0,0,1,3,2,2,2,0,1,1,0,0,0,0,1,0,4,3,3,2,2,4,7,11,11,12,0,0,1,0,0,0,0,1,0,0,0,1,0,0,1,0,0
0,0,17,0,0,1,3,2,2,2,0,1,1,0,0,0,0,1,0,4,3,3,2,2,4,5,10,9,10,0,0,1,0,0,0,0,1,0,0,1,0,0,0,0,1,0
1,0,17,0,0,1,2,2,2,2,0,1,0,0,0,0,0,1,0,4,3,3,2,2,3,5,9,10,10,0,0,1,0,0,0,0,0,1,0,1,0,0,0,0,1,0
0,0,17,0,0,1,3,3,2,2,0,1,1,0,1,0,0,1,0,4,3,3,1,2,3,8,10,10,11,1,0,0,0,0,1,0,0,0,0,0,0,0,1,0,1,0
0,0,17,0,0,1,2,2,2,2,0,1,1,0,1,0,0,0,0,4,3,4,1,2,4,1,10,10,10,0,0,1,0,0,0,0,1,0,0,1,0,0,0,0,1,0
0,0,16,0,0,1,3,3,1,2,0,1,1,0,1,0,0,1,0,4,3,3,1,2,3,5,11,12,12,0,0,0,0,1,0,1,0,0,0,0,1,0,0,0,1,0
1,0,17,1,0,1,2,2,2,2,1,1,1,0,0,1,0,0,0,4,3,3,2,3,4,5,9,9,9,0,0,1,0,0,0,0,1,0,0,1,0,0,0,0,1,0
1,0,17,1,0,1,1,2,2,1,1,1,1,0,0,0,0,0,0,4,3,3,2,3,4,4,9,9,9,1,0,0,0,0,1,0,0,0,0,1,0,0,0,0,1,0
0,0,16,0,0,1,3,3,1,2,0,1,1,0,1,0,0,1,0,4,3,3,1,2,4,4,11,11,11,0,0,0,1,0,0,0,0,1,0,1,0,0,0,0,1,0
0,0,18,0,0,1,2,2,2,2,1,1,0,0,0,0,0,1,0,4,3,3,2,2,3,7,10,10,10,0,0,1,0,0,0,0,1,0,0,0,1,0,0,0,0,1
0,0,17,0,0,1,4,3,1,2,0,1,1,0,1,0,0,1,0,4,3,3,1,2,4,7,12,12,12,0,0,0,0,1,0,0,1,0,0,0,0,0,1,0,1,0
0,0,17,0,0,1,3,3,2,2,0,1,1,0,0,0,0,1,0,4,3,3,2,3,4,4,10,10,10,0,0,0,0,1,0,0,0,1,0,1,0,0,0,0,1,0
1,0,18,1,0,1,1,2,2,2,1,1,0,0,1,0,0,0,0,4,3,3,2,3,3,6,9,9,9,1,0,0,0,0,0,0,0,1,0,1,0,0,0,0,1,0
0,1,17,0,0,1,3,3,1,2,0,1,1,0,0,0,0,1,0,4,3,3,1,2,4,4,12,13,12,0,0,0,1,0,0,0,1,0,0,0,1,0,0,0,1,0
0,1,17,0,0,1,3,3,2,2,1,1,1,0,1,0,0,1,1,3,3,3,2,3,4,10,10,10,11,0,0,0,1,0,0,0,0,1,0,1,0,0,0,0,1,0
1,0,18,1,0,1,1,1,2,2,1,1,1,0,0,0,1,0,0,4,3,3,2,2,4,4,9,9,9,1,0,0,0,0,0,0,1,0,0,1,0,0,0,0,0,1
1,0,18,1,0,1,1,1,2,2,1,1,0,0,0,0,1,1,0,4,3,3,1,2,4,3,9,9,9,0,0,1,0,0,0,0,1,0,0,1,0,0,0,0,1,0
1,0,17,1,0,1,2,2,2,2,0,1,0,0,1,0,0,1,1,4,3,3,2,3,3,6,10,10,10,1,0,0,0,0,0,0,0,1,0,0,0,1,0,0,1,0
0,0,17,0,0,1,3,3,2,2,0,1,1,0,0,0,0,1,0,4,3,3,2,2,4,6,11,10,11,0,0,0,0,1,0,0,1,0,0,1,0,0,0,0,1,0
0,0,16,0,0,1,2,2,1,2,0,1,1,0,1,0,0,1,0,4,3,3,2,2,4,3,11,11,12,0,0,0,1,0,0,0,0,1,0,1,0,0,0,1,0,0
0,1,17,0,0,1,2,2,2,2,1,1,0,0,0,1,0,1,0,4,3,4,2,3,4,5,9,10,10,0,0,1,0,0,0,0,1,0,0,1,0,0,0,0,1,0
0,1,17,0,0,1,3,3,2,2,1,1,1,0,0,0,0,1,1,3,3,3,2,3,4,11,10,10,11,0,0,0,1,0,0,0,1,0,0,1,0,0,0,0,1,0
0,0,17,0,0,1,2,2,2,2,0,1,0,0,0,0,0,1,0,4,3,4,1,2,4,3,10,9,10,0,0,1,0,0,0,0,1,0,0,1,0,0,0,0,1,0
0,1,17,0,0,1,3,3,1,2,0,1,1,0,1,0,0,1,0,4,3,3,1,2,4,7,12,12,12,0,0,0,1,0,0,0,1,0,0,0,1,0,0,1,0,0
0,1,16,0,0,1,4,3,1,2,0,1,1,0,1,0,0,1,0,4,4,3,1,2,4,6,14,13,14,0,0,0,1,0,0,0,1,0,0,0,0,0,1,0,1,0
0,1,17,0,0,1,3,3,2,2,1,1,1,0,1,0,0,1,1,4,3,3,2,3,3,8,10,11,10,0,0,1,0,0,0,0,0,1,0,0,1,0,0,1,0,0
0,1,17,0,0,1,2,2,1,2,0,1,0,0,1,0,0,1,0,4,4,3,1,2,4,3,11,12,12,0,0,1,0,0,0,0,1,0,0,0,0,0,1,0,1,0
0,0,16,0,0,1,3,3,1,2,0,1,1,0,1,0,0,1,0,4,3,3,1,2,3,4,12,12,13,0,0,1,0,0,0,0,1,0,0,0,0,0,1,0,1,0
0,1,16,0,0,1,3,3,1,2,0,1,1,0,1,0,0,1,0,4,3,3,1,2,4,3,13,13,13,0,0,1,0,0,0,0,1,0,0,0,0,0,1,1,0,0
1,1,18,0,0,1,2,2,2,2,1,1,0,0,0,0,0,1,1,4,3,3,2,3,3,6,10,9,10,0,0,1,0,0,0,0,0,1,0,0,0,1,0,0,0,1
0,1,17,0,0,1,2,1,1,2,0,1,0,0,0,0,0,1,0,4,4,4,1,2,4,1,10,11,11,0,0,1,0,0,0,0,1,0,0,1,0,0,0,0,1,0
0,1,16,0,0,1,3,3,1,2,0,1,1,0,1,0,0,1,0,4,3,3,1,2,4,4,13,12,13,0,1,0,0,0,0,0,1,0,0,0,0,0,1,1,0,0
0,1,17,0,0,1,2,2,2,2,0,1,0,0,0,0,0,1,0,4,4,4,2,3,4,3,10,11,10,0,0,1,0,0,0,0,1,0,0,1,0,0,0,0,1,0
0,1,16,0,0,1,3,3,1,2,0,1,1,0,1,0,0,1,0,4,3,3,2,2,4,5,11,11,12,0,0,0,1,0,0,0,1,0,0,1,0,0,0,1,0,0
1,0,17,0,0,1,2,2,2,2,0,1,1,0,0,0,0,1,0,4,3,3,2,3,3,5,10,10,10,1,0,0,0,0,0,0,0,1,0,1,0,0,0,1,0,0
0,1,16,0,0,1,3,3,1,2,0,1,1,0,1,0,0,1,0,4,3,3,2,2,4,7,12,12,12,0,0,0,1,0,0,0,0,1,0,0,1,0,0,0,1,0
0,1,17,0,0,1,3,2,2,2,0,1,0,0,0,0,0,1,0,4,4,4,1,3,4,2,11,11,10,0,0,1,0,0,0,0,1,0,0,1,0,0,0,0,1,0
1,1,17,0,0,1,2,2,2,1,1,1,1,0,0,1,0,0,1,3,3,3,2,3,4,4,9,8,9,0,0,1,0,0,0,0,1,0,0,1,0,0,0,0,1,0
0,0,17,0,0,1,2,2,2,2,0,1,0,0,1,0,0,1,0,4,3,3,2,3,4,4,10,10,11,0,0,0,1,0,0,0,0,1,0,1,0,0,0,1,0,0
0,0,16,0,0,1,3,3,2,2,0,1,1,0,1,0,0,1,0,4,3,3,2,2,4,4,10,11,12,0,0,0,1,0,0,0,0,1,0,0,0,0,1,1,0,0
0,1,16,0,0,1,3,3,1,2,0,1,1,0,0,0,0,1,0,4,4,3,1,2,4,1,11,11,12,0,0,0,0,1,0,0,1,0,0,1,0,0,0,0,1,0
0,0,16,0,0,1,4,3,1,2,0,1,1,0,1,0,0,1,0,4,3,3,1,2,3,3,12,13,13,0,0,0,0,1,0,0,0,0,1,1,0,0,0,0,1,0
0,1,16,0,0,1,3,2,1,2,0,1,1,0,1,0,0,1,0,4,4,3,1,2,4,3,11,12,12,0,0,0,1,0,0,0,1,0,0,1,0,0,0,0,1,0
1,1,17,0,0,1,2,2,2,2,1,1,1,0,0,0,0,0,1,4,3,3,2,3,4,7,10,9,10,1,0,0,0,0,1,0,0,0,0,1,0,0,0,0,1,0
0,0,17,0,0,1,3,2,1,2,0,1,0,0,1,0,0,1,0,4,3,3,2,3,3,3,11,11,10,0,0,0,1,0,0,0,0,1,0,0,0,0,1,0,1,0
0,0,17,0,0,1,3,3,2,2,1,1,1,0,1,0,0,1,1,4,3,3,2,3,3,7,10,10,11,0,0,0,1,0,0,0,0,1,0,0,0,0,1,1,0,0
0,0,17,0,0,1,2,2,1,2,0,1,1,0,0,0,0,1,0,4,3,3,2,3,4,8,10,10,10,0,0,1,0,0,0,0,1,0,0,0,1,0,0,0,1,0
1,0,17,1,0,1,2,2,2,2,1,1,1,0,0,1,0,0,0,4,4,4,2,3,4,4,9,8,9,0,0,1,0,0,0,0,1,0,0,1,0,0,0,0,1,0
0,1,17,0,0,1,2,2,2,2,1,1,0,0,0,0,0,1,0,4,3,3,2,3,4,6,9,10,10,0,0,1,0,0,0,0,1,0,0,1,0,0,0,0,1,0
0,1,17,0,0,1,3,3,2,2,1,1,1,0,1,0,0,1,0,4,3,3,2,3,4,10,11,11,12,0,0,0,1,0,0,0,1,0,0,0,0,0,1,1,0,0
0,1,16,0,0,1,3,3,2,2,0,1,1,0,1,0,0,1,0,4,3,3,2,2,4,5,11,11,11,0,0,0,1,0,0,0,1,0,0,1,0,0,0,1,0,0
1,0,18,1,0,1,2,2,2,2,1,1,1,0,0,0,0,0,0,4,3,3,2,3,3,8,9,10,10,1,0,0,0,0,0,0,1,0,0,0,0,1,0,0,0,1
0,1,17,0,0,1,3,3,2,2,0,1,1,0,1,0,0,1,1,3,3,3,2,3,3,9,10,10,11,0,1,0,0,0,0,0,0,1,0,0,0,0,1,0,1,0
1,0,17,1,0,1,1,2,2,2,1,1,1,0,0,0,0,0,0,4,3,3,2,3,4,5,9,9,9,1,0,0,0,0,1,0,0,0,0,1,0,0,0,0,1,0
1,0,17,0,0,1,2,2,2,2,1,1,1,0,0,0,0,1,1,4,3,3,2,3,4,5,10,10,11,0,0,0,1,0,0,0,0,1,0,1,0,0,0,1,0,0
0,0,17,0,0,1,2,2,2,2,0,1,1,0,1,0,0,1,0,4,3,3,2,2,3,4,10,11,11,0,0,0,1,0,0,0,0,1,0,1,0,0,0,1,0,0
0,0,17,0,0,1,2,2,2,2,0,1,1,0,1,0,0,1,0,4,3,3,1,2,3,6,10,10,10,1,0,0,0,0,0,0,0,1,0,1,0,0,0,0,1,0
1,0,18,1,0,1,1,1,2,2,1,1,0,0,0,0,1,0,0,4,3,3,2,3,3,4,10,10,9,1,0,0,0,0,1,0,0,0,0,0,0,1,0,0,0,1
0,1,17,0,0,1,3,3,1,2,1,1,1,0,1,0,0,1,0,4,3,3,2,3,4,10,12,11,12,0,0,0,1,0,0,0,1,0,0,0,1,0,0,0,0,1
0,1,17,0,0,1,3,2,2,1,0,1,1,0,0,0,0,1,0,4,4,4,1,3,5,1,10,10,9,0,0,1,0,0,0,0,1,0,0,1,0,0,0,0,1,0
1,0,17,1,0,1,1,2,2,2,1,1,1,0,0,0,0,0,0,4,3,3,2,3,4,5,8,8,9,1,0,0,0,0,0,0,1,0,0,1,0,0,0,0,1,0
1,0,18,1,0,1,1,2,2,2,1,1,1,0,0,0,1,1,0,4,3,3,2,2,4,5,8,9,9,0,0,1,0,0,0,0,1,0,0,1,0,0,0,0,0,1
0,0,16,0,0,1,4,3,1,2,0,1,1,0,1,0,0,1,0,4,3,3,1,2,3,6,12,12,12,0,0,0,1,0,0,0,0,0,1,0,0,0,1,0,1,0
0,1,17,0,0,1,3,3,2,2,1,1,1,0,1,0,0,1,0,4,3,3,2,3,4,9,10,10,11,0,0,0,1,0,0,0,0,0,1,1,0,0,0,0,1,0
0,0,17,0,0,1,3,3,2,2,0,1,1,0,1,0,0,1,0,4,3,3,2,2,3,8,11,11,11,0,0,0,0,1,0,0,0,1,0,1,0,0,0,0,1,0
0,0,16,0,0,1,3,3,1,2,0,1,1,0,0,0,0,1,0,4,4,3,1,2,4,1,11,11,11,0,0,0,0,1,1,0,0,0,0,1,0,0,0,0,1,0
0,1,17,0,0,1,2,2,2,2,1,1,0,0,0,0,0,1,0,4,3,4,2,2,4,5,10,10,10,0,0,1,0,0,0,0,1,0,0,1,0,0,0,0,1,0
0,1,17,0,0,1,3,2,2,2,1,1,1,0,0,0,0,1,0,4,3,3,2,3,4,6,10,9,9,0,0,1,0,0,0,0,1,0,0,1,0,0,0,0,1,0
0,1,17,0,0,1,2,2,1,2,0,1,0,0,0,0,0,1,0,4,3,3,1,2,4,5,11,11,12,0,0,1,0,0,0,0,1,0,0,0,1,0,0,0,1,0
1,0,17,1,0,1,1,2,2,1,1,1,1,0,0,0,1,0,0,4,3,3,2,3,4,4,9,9,9,1,0,0,0,0,0,0,1,0,0,1,0,0,0,0,0,1
0,0,16,0,0,1,3,3,1,2,0,1,1,0,1,0,0,1,0,4,3,3,1,2,3,4,11,12,12,0,0,0,0,1,0,0,0,1,0,0,0,0,1,0,1,0
0,0,17,0,0,1,2,2,2,2,0,1,1,0,0,0,0,1,0,4,3,3,1,2,3,5,10,10,11,1,0,0,0,0,0,0,0,1,0,1,0,0,0,0,1,0
0,0,16,0,0,1,3,3,1,2,0,1,1,0,0,0,0,1,0,4,3,3,1,2,4,1,12,12,11,0,0,1,0,0,0,0,0,0,1,1,0,0,0,1,0,0
1,1,17,0,0,1,2,2,2,2,1,1,1,0,0,0,0,0,1,4,3,3,2,3,4,6,10,9,9,1,0,0,0,0,0,0,1,0,0,1,0,0,0,0,1,0
0,1,17,0,0,1,3,3,2,2,1,1,1,0,0,0,0,1,1,3,3,3,2,3,4,11,10,9,11,0,0,0,1,0,0,0,0,0,1,1,0,0,0,1,0,0
0,1,17,0,0,1,3,3,1,2,1,1,1,0,0,0,0,1,0,4,3,4,2,3,4,12,10,10,10,0,0,0,1,0,0,0,0,1,0,0,1,0,0,0,1,0
1,0,17,1,0,1,2,2,2,2,1,1,0,0,0,0,0,0,0,3,3,3,2,3,3,9,9,9,10,1,0,0,0,0,0,0,1,0,0,0,0,1,0,0,1,0
0,1,17,0,0,1,3,2,2,2,1,1,1,0,1,0,0,1,0,4,3,3,2,3,3,7,10,11,10,0,0,0,1,0,0,0,0,1,0,0,0,1,0,0,0,1
0,1,16,0,0,1,3,3,1,2,0,1,1,0,1,0,0,1,0,4,3,3,1,2,4,6,13,12,13,0,0,0,1,0,0,0,0,0,1,0,1,0,0,0,1,0
0,0,17,1,0,1,2,2,2,2,0,1,0,0,1,0,0,1,0,4,3,3,1,2,3,5,10,9,10,0,0,1,0,0,0,0,1,0,0,1,0,0,0,0,1,0
0,1,17,0,0,1,2,2,2,2,1,1,1,0,0,0,0,1,0,4,4,4,2,3,4,5,10,10,10,0,0,0,1,0,0,0,1,0,0,1,0,0,0,0,1,0
1,0,17,0,0,1,2,2,2,2,1,1,1,0,0,0,0,1,0,4,3,3,2,2,4,6,10,9,10,0,0,1,0,0,0,0,1,0,0,1,0,0,0,1,0,0
1,1,18,1,0,1,2,2,2,2,1,1,0,0,0,0,0,0,1,3,3,3,2,3,3,10,9,9,10,1,0,0,0,0,1,0,0,0,0,0,1,0,0,0,1,0
0,1,17,0,0,1,2,2,2,2,1,1,1,0,0,0,0,1,1,3,3,3,2,3,3,12,10,10,10,1,0,0,0,0,1,0,0,0,0,0,1,0,0,0,1,0
0,1,17,1,0,1,3,3,2,2,1,1,1,0,0,0,0,1,1,3,3,3,2,3,4,11,10,9,10,0,0,1,0,0,0,0,1,0,0,0,0,0,1,0,0,1
1,1,17,0,0,1,2,2,2,2,1,1,0,0,0,0,0,1,1,4,3,3,2,3,3,7,10,10,10,0,0,1,0,0,0,0,0,1,0,0,0,1,0,1,0,0
1,0,17,0,0,1,2,2,2,2,0,1,1,0,0,0,0,1,0,4,3,3,1,2,3,2,11,12,11,0,0,1,0,0,0,0,0,1,0,1,0,0,0,1,0,0
0,0,16,0,0,1,4,3,1,2,0,1,1,0,1,0,0,1,0,4,3,3,1,2,3,5,12,12,13,0,0,0,0,1,0,1,0,0,0,0,0,0,1,0,1,0
0,0,16,0,0,1,4,3,1,2,0,1,1,0,1,0,0,1,0,4,3,3,1,2,4,3,13,13,13,0,0,0,1,0,0,0,0,0,1,1,0,0,0,0,1,0
0,1,17,0,0,1,3,3,2,2,0,1,1,0,0,0,0,1,0,3,3,3,2,3,4,8,10,11,10,0,0,1,0,0,0,0,0,1,0,0,1,0,0,1,0,0
0,1,16,0,0,1,3,3,2,2,0,1,1,0,1,0,0,1,0,4,4,3,2,3,4,3,11,11,11,0,0,0,1,0,0,0,1,0,0,1,0,0,0,0,1,0
0,1,17,0,0,1,3,3,1,2,0,1,1,0,0,0,0,1,0,4,3,3,2,2,4,4,12,12,11,0,0,1,0,0,0,1,0,0,0,0,1,0,0,1,0,0
0,0,16,0,0,1,3,3,1,2,0,1,1,0,1,0,0,1,0,4,3,3,1,2,3,6,12,12,13,0,0,0,0,1,0,0,1,0,0,0,0,0,1,0,1,0
0,1,17,0,0,1,3,3,1,2,0,1,1,0,0,0,0,1,0,4,3,3,2,3,4,10,11,11,11,0,0,0,1,0,0,0,1,0,0,0,1,0,0,0,1,0
0,1,16,0,0,1,3,3,1,2,0,1,1,0,1,0,0,1,0,4,3,3,1,2,4,4,13,13,14,0,0,0,1,0,0,0,1,0,0,0,0,0,1,0,1,0
0,0,17,0,0,1,3,2,2,2,0,1,1,0,0,0,0,1,0,4,3,3,2,2,3,4,11,11,11,0,0,1,0,0,0,0,1,0,0,0,0,0,1,1,0,0
1,1,17,0,0,1,2,2,2,1,1,1,1,0,0,0,0,1,0,4,4,3,2,3,4,2,9,9,10,0,0,1,0,0,0,0,0,1,0,1,0,0,0,0,1,0
0,0,16,0,0,1,3,3,1,2,0,1,1,0,1,0,0,1,0,4,3,3,1,2,4,4,11,12,12,0,0,0,1,0,0,0,0,1,0,1,0,0,0,0,1,0
0,1,17,0,0,1,2,2,2,2,1,1,0,0,1,0,0,1,0,4,3,3,2,2,4,6,10,10,11,0,0,1,0,0,0,0,1,0,0,0,0,0,1,0,0,1
1,0,18,1,0,1,1,1,2,2,1,1,1,0,0,0,1,0,0,4,3,3,2,2,4,4,8,9,9,1,0,0,0,0,0,0,1,0,0,1,0,0,0,0,0,1
1,0,17,1,0,1,1,2,2,2,0,1,1,0,1,0,0,0,0,4,3,3,1,2,3,3,10,9,10,1,0,0,0,0,0,0,1,0,0,1,0,0,0,0,1,0
0,1,17,0,0,1,3,2,2,2,0,1,1,0,0,0,0,1,0,4,4,3,1,2,4,3,11,11,11,0,0,1,0,0,0,0,1,0,0,1,0,0,0,0,1,0
0,0,17,1,0,1,2,1,2,2,0,1,0,0,1,0,0,1,0,4,3,3,1,2,3,3,11,11,11,0,0,1,0,0,0,0,1,0,0,0,0,0,1,0,1,0
0,0,17,0,0,1,2,2,2,2,0,1,0,0,1,0,0,1,0,4,3,4,1,2,4,3,10,10,10,0,0,1,0,0,0,0,1,0,0,1,0,0,0,0,1,0
0,1,17,0,0,1,3,3,2,2,0,1,1,0,0,0,0,1,0,4,3,3,2,3,4,7,10,10,10,0,0,0,0,1,0,0,1,0,0,1,0,0,0,0,1,0
0,1,17,0,0,1,2,2,2,2,0,1,0,0,1,0,0,1,0,4,3,3,2,2,4,5,10,10,11,0,0,1,0,0,0,0,1,0,0,0,0,0,1,1,0,0
0,0,16,0,0,1,4,3,1,3,0,1,1,0,1,0,0,1,0,4,3,3,1,2,3,3,11,13,12,0,0,0,0,1,0,0,0,0,1,0,1,0,0,0,1,0
1,0,18,1,0,1,2,2,2,2,0,1,0,0,1,0,0,0,1,4,3,3,2,3,3,7,10,10,10,1,0,0,0,0,1,0,0,0,0,0,0,1,0,0,1,0
0,0,16,0,0,1,4,3,1,2,0,1,1,0,1,0,0,1,0,4,3,3,1,2,3,4,12,13,14,0,0,0,0,1,0,0,1,0,0,0,1,0,0,0,1,0
0,0,16,0,0,1,4,3,1,2,0,1,1,0,1,0,0,1,0,4,3,3,1,2,4,3,13,14,14,0,0,0,0,1,0,0,0,0,1,0,1,0,0,0,1,0
0,1,17,0,0,1,3,2,2,2,1,1,1,0,0,0,0,1,0,4,3,4,2,3,4,4,9,9,9,0,0,1,0,0,0,0,1,0,0,1,0,0,0,0,1,0
1,0,18,1,0,1,1,1,2,2,1,1,1,0,0,0,1,0,0,4,3,3,2,2,3,5,9,9,10,1,0,0,0,0,0,0,1,0,0,1,0,0,0,0,0,1
0,1,17,0,0,1,2,2,1,2,0,1,0,0,0,0,0,1,0,4,3,3,2,2,4,8,11,11,11,0,0,1,0,0,0,0,1,0,0,0,1,0,0,0,0,1
0,1,17,0,0,1,3,3,1,2,0,1,1,0,1,0,0,1,0,4,3,3,2,2,4,8,12,11,12,0,0,0,1,0,0,0,1,0,0,0,0,0,1,0,1,0
1,1,17,0,0,1,2,2,2,2,1,1,1,0,0,0,0,0,1,4,3,3,2,3,4,4,10,10,10,1,0,0,0,0,1,0,0,0,0,1,0,0,0,1,0,0
1,0,18,1,0,1,1,2,2,2,1,1,0,0,0,0,0,0,1,4,3,3,2,3,3,7,9,9,9,1,0,0,0,0,1,0,0,0,0,1,0,0,0,0,1,0
0,0,17,0,0,1,3,3,2,2,0,1,1,0,1,0,0,1,0,4,3,3,2,3,3,4,11,11,11,0,0,1,0,0,0,0,0,1,0,0,0,0,1,1,0,0
0,1,17,0,0,1,3,3,1,2,0,1,1,0,0,0,0,1,1,4,3,3,2,3,4,12,10,11,10,0,0,0,1,0,0,0,0,1,0,0,1,0,0,0,1,0
0,0,17,0,0,1,3,3,2,2,0,1,1,0,1,0,0,1,0,3,3,3,2,3,3,9,11,11,11,0,0,0,0,1,0,0,0,0,1,0,0,0,1,0,1,0
0,1,17,0,0,1,3,2,2,2,1,1,0,0,1,0,0,1,0,4,3,3,2,3,4,6,11,11,11,0,0,0,1,0,0,0,1,0,0,1,0,0,0,0,1,0
0,0,17,0,0,1,3,3,2,2,0,1,1,0,1,0,0,1,0,4,3,3,1,2,3,4,11,11,11,1,0,0,0,0,1,0,0,0,0,1,0,0,0,0,1,0
0,1,17,0,0,1,2,2,2,2,1,1,1,0,0,1,0,1,0,4,3,4,2,3,4,5,9,9,9,0,0,1,0,0,0,0,1,0,0,1,0,0,0,0,1,0
0,0,16,0,0,1,3,3,2,2,0,1,1,0,0,0,0,1,0,4,3,3,2,2,4,3,11,12,12,0,0,1,0,0,0,0,1,0,0,0,1,0,0,1,0,0
0,0,16,0,0,1,3,3,1,2,0,1,1,0,1,0,0,1,0,4,3,3,1,2,3,2,12,12,12,0,0,0,1,0,0,0,0,1,0,1,0,0,0,0,1,0
1,0,17,1,0,1,2,2,2,2,0,1,1,0,0,0,0,1,0,4,3,3,2,2,3,4,11,11,11,0,0,1,0,0,0,0,1,0,0,0,0,0,1,1,0,0
1,1,17,0,0,1,2,2,2,2,1,1,1,0,0,0,0,0,1,4,3,3,2,3,4,4,9,9,10,0,0,1,0,0,0,0,0,1,0,1,0,0,0,0,1,0
0,0,16,0,0,1,4,3,1,2,0,1,1,0,1,0,0,1,0,4,3,3,1,2,3,5,11,12,12,0,0,0,0,1,0,1,0,0,0,0,0,0,1,0,1,0
0,1,17,0,0,1,3,3,1,2,0,1,1,0,0,0,0,1,0,4,3,3,1,2,4,6,12,12,12,0,0,0,1,0,0,0,1,0,0,0,1,0,0,1,0,0
0,0,17,0,0,1,3,3,2,2,0,1,1,0,1,0,0,1,0,4,3,3,1,2,3,6,10,10,11,1,0,0,0,0,0,0,1,0,0,1,0,0,0,0,1,0
0,1,17,0,0,1,3,3,2,2,1,1,1,0,1,0,0,1,0,4,3,3,2,3,4,8,10,10,11,0,0,0,1,0,0,0,0,1,0,0,0,0,1,0,1,0
0,1,16,0,0,1,3,3,1,2,0,1,1,0,1,0,0,1,0,4,3,3,1,2,4,2,14,14,14,0,0,0,1,0,0,0,0,0,1,0,0,0,1,1,0,0
0,0,16,0,0,1,4,3,1,2,0,1,1,0,1,0,0,1,0,4,3,3,1,2,4,3,12,11,12,0,0,0,0,1,0,0,1,0,0,1,0,0,0,0,1,0
1,0,17,0,0,1,2,2,2,2,1,1,0,0,0,0,0,1,1,4,3,3,2,3,3,6,10,10,10,0,0,1,0,0,0,0,0,1,0,1,0,0,0,1,0,0
0,0,17,0,0,1,3,2,1,2,0,1,0,0,1,0,0,1,0,4,3,3,2,3,3,4,11,11,11,0,0,0,1,0,0,0,0,1,0,0,0,0,1,0,1,0
0,0,16,0,0,1,3,3,1,2,0,1,1,0,0,0,0,1,0,4,3,3,1,2,3,3,11,12,12,0,0,1,0,0,0,0,1,0,0,0,1,0,0,0,1,0
1,1,17,0,0,1,2,2,2,2,1,1,0,0,0,0,0,1,1,4,3,3,2,3,3,6,9,10,10,0,0,1,0,0,0,0,0,1,0,1,0,0,0,0,1,0
1,0,17,0,0,1,2,2,2,2,1,1,1,0,0,0,0,1,1,4,3,3,2,3,3,5,10,10,10,0,0,1,0,0,0,0,0,1,0,1,0,0,0,1,0,0
0,1,17,1,0,1,3,3,2,2,1,1,1,0,0,0,0,1,1,3,3,3,2,3,4,11,10,10,11,0,0,1,0,0,0,0,1,0,0,0,0,1,0,1,0,0
0,0,16,0,0,1,3,3,1,2,0,1,1,0,1,0,0,1,0,4,3,3,1,2,3,3,12,12,12,1,0,0,0,0,0,0,1,0,0,0,0,0,1,0,1,0
0,0,17,1,0,1,3,3,2,2,0,1,1,0,1,0,0,1,1,3,3,3,2,2,3,10,9,9,10,1,0,0,0,0,0,0,1,0,0,0,0,0,1,0,1,0
0,0,17,0,0,1,3,3,2,2,0,1,1,0,1,0,0,1,1,3,3,3,2,2,3,10,10,10,11,0,0,0,0,1,0,0,1,0,0,0,0,0,1,0,1,0
0,0,17,0,0,1,3,3,2,2,0,1,1,0,1,0,0,1,0,4,3,3,2,2,3,9,10,10,10,1,0,0,0,0,1,0,0,0,0,1,0,0,0,0,1,0
0,1,17,0,0,1,2,2,2,2,1,1,0,0,0,0,0,1,0,4,3,3,2,2,4,8,9,10,10,0,0,1,0,0,0,0,1,0,0,0,0,0,1,0,1,0
0,0,17,0,0,1,3,2,2,2,0,1,0,0,1,0,0,1,0,4,3,3,1,2,3,4,11,11,11,0,0,1,0,0,0,0,1,0,0,1,0,0,0,0,1,0
0,1,17,0,0,1,3,3,1,2,0,1,1,0,1,0,0,1,0,4,3,3,2,3,4,11,11,11,12,0,0,0,1,0,0,0,1,0,0,0,1,0,0,0,1,0
0,1,16,0,0,1,3,3,1,2,0,1,1,0,1,0,0,1,0,4,3,3,2,2,4,6,12,12,12,0,1,0,0,0,0,0,1,0,0,0,1,0,0,1,0,0
0,0,17,0,0,1,2,2,2,2,0,1,1,0,1,0,0,1,1,4,3,3,2,2,3,8,10,10,10,1,0,0,0,0,1,0,0,0,0,0,1,0,0,0,1,0
0,1,16,0,0,1,3,3,1,2,0,1,1,0,1,0,0,1,0,4,3,3,2,2,4,7,13,12,13,0,0,0,1,0,0,0,0,0,1,0,0,0,1,0,1,0
1,0,18,1,0,1,1,1,2,2,1,1,0,0,0,0,0,1,0,4,3,3,2,2,3,6,9,10,10,0,0,1,0,0,0,0,1,0,0,0,0,1,0,0,1,0
0,0,17,0,0,1,3,3,2,2,0,1,1,0,1,0,0,1,0,4,3,3,2,3,3,6,11,11,11,0,0,0,1,0,0,0,0,1,0,0,0,0,1,0,1,0
0,0,16,0,0,1,3,3,1,2,0,1,1,0,1,0,0,1,0,4,3,3,1,2,3,4,12,12,13,0,0,1,0,0,0,0,1,0,0,0,0,0,1,0,1,0
0,0,16,0,0,1,3,2,1,2,0,1,1,0,1,0,0,1,0,4,3,3,1,2,3,3,12,11,12,0,0,1,0,0,0,0,1,0,0,0,0,0,1,0,1,0
0,0,17,0,0,1,2,2,2,2,1,1,0,0,0,0,0,1,1,4,3,3,2,2,3,6,10,10,10,0,0,1,0,0,0,0,1,0,0,0,0,0,1,0,1,0
1,0,17,0,0,1,1,2,2,2,1,1,1,0,0,0,0,0,0,4,3,3,2,2,3,3,10,10,10,1,0,0,0,0,1,0,0,0,0,1,0,0,0,1,0,0
0,0,17,0,0,1,2,2,1,2,0,1,0,0,0,0,0,1,0,4,3,3,1,2,3,4,11,11,12,0,0,1,0,0,0,0,1,0,0,0,0,0,1,0,1,0
0,0,16,0,0,1,4,3,1,2,0,1,1,0,1,0,0,1,0,4,4,3,1,2,4,2,14,13,14,0,0,0,1,0,0,0,0,0,1,1,0,0,0,0,1,0
1,0,18,1,0,1,1,1,2,2,1,1,1,0,0,0,1,0,0,4,3,3,2,2,3,4,10,10,10,1,0,0,0,0,1,0,0,0,0,1,0,0,0,1,0,0
0,1,16,0,0,1,3,3,2,2,0,1,1,0,0,0,0,1,0,4,4,3,2,3,4,2,11,11,11,0,0,0,1,0,0,0,1,0,0,1,0,0,0,0,1,0
0,1,16,0,0,1,3,3,1,2,0,1,1,0,0,0,0,1,0,4,3,3,2,2,4,2,11,10,11,0,0,0,1,0,0,0,0,0,1,1,0,0,0,1,0,0
0,1,17,0,0,1,2,2,2,2,1,1,0,0,0,1,0,1,0,4,3,3,2,3,4,6,9,10,10,0,0,1,0,0,0,0,1,0,0,1,0,0,0,0,1,0
1,0,17,1,0,1,2,2,2,2,0,1,1,0,0,0,0,1,0,4,3,3,2,2,3,3,11,12,11,1,0,0,0,0,1,0,0,0,0,0,0,1,0,1,0,0
0,1,16,0,0,1,4,3,1,2,0,1,1,0,1,0,0,1,0,4,4,3,1,2,4,1,14,14,14,0,0,0,1,0,0,0,1,0,0,0,0,0,1,0,1,0
0,1,16,0,0,1,3,3,1,2,0,1,1,0,1,0,0,1,0,4,3,3,1,2,4,3,13,14,13,0,0,0,1,0,0,0,1,0,0,0,0,0,1,1,0,0
0,0,17,0,0,1,2,2,2,2,0,1,1,0,0,0,0,1,0,4,3,3,2,2,3,6,10,10,10,0,0,1,0,0,0,0,0,1,0,1,0,0,0,0,1,0
0,0,17,0,0,1,3,3,2,2,0,1,1,0,1,0,0,1,0,4,3,3,2,2,4,6,11,10,11,0,0,0,0,1,0,0,1,0,0,1,0,0,0,0,1,0
0,0,17,0,0,1,3,2,2,2,0,1,1,0,1,0,0,1,0,4,3,3,1,2,3,6,11,10,11,0,0,1,0,0,0,0,1,0,0,0,0,0,1,0,1,0
0,0,17,0,0,1,3,3,2,2,0,1,1,0,1,0,0,1,0,4,3,3,2,2,3,8,10,10,11,0,0,0,0,1,0,0,1,0,0,1,0,0,0,0,1,0
0,1,17,0,0,1,3,3,2,2,1,1,1,0,1,0,0,1,1,3,3,3,2,3,4,10,10,10,11,0,0,0,1,0,0,0,0,1,0,0,0,0,1,0,1,0
0,0,16,0,0,1,4,3,1,2,0,1,1,0,1,0,0,1,0,4,3,3,1,2,4,4,12,11,13,0,0,0,0,1,0,0,1,0,0,1,0,0,0,0,1,0
0,0,17,0,0,1,3,2,2,2,0,1,1,0,1,0,0,1,1,4,3,3,2,2,3,7,10,11,11,1,0,0,0,0,0,0,0,1,0,0,0,1,0,0,1,0
1,0,17,1,0,1,2,2,2,2,0,1,1,0,1,0,0,1,1,4,3,3,2,3,3,8,10,10,10,1,0,0,0,0,1,0,0,0,0,0,0,1,0,0,1,0
0,1,16,0,0,1,3,3,2,2,0,1,1,0,1,0,0,1,0,4,3,3,2,2,4,6,11,10,11,0,0,0,1,0,0,0,0,0,1,1,0,0,0,1,0,0
1,1,17,0,0,1,2,2,2,2,1,1,0,0,0,0,0,1,1,3,3,3,2,3,3,9,9,9,10,0,0,1,0,0,0,0,0,1,0,1,0,0,0,0,1,0
0,1,17,0,0,1,3,3,2,2,0,1,1,0,0,0,0,1,1,3,3,3,2,3,4,13,10,11,11,0,0,0,1,0,0,0,0,0,1,0,1,0,0,0,1,0
0,0,17,1,0,1,1,1,2,2,0,1,0,0,0,0,0,1,0,4,3,3,1,2,3,4,10,10,10,0,0,1,0,0,0,0,1,0,0,0,1,0,0,0,1,0
1,0,18,1,0,1,2,2,2,2,1,1,0,0,0,0,0,1,0,4,3,3,2,2,4,7,9,9,9,0,0,1,0,0,0,0,1,0,0,1,0,0,0,0,1,0
0,1,17,0,0,1,3,2,1,2,1,1,1,0,1,0,0,1,0,4,3,3,2,3,4,9,11,11,11,0,0,0,1,0,0,0,0,1,0,0,1,0,0,0,1,0
1,0,17,1,0,1,2,2,2,2,1,1,1,0,0,0,0,0,1,4,3,3,2,3,3,9,9,9,10,1,0,0,0,0,0,0,1,0,0,1,0,0,0,1,0,0
0,1,17,0,0,1,3,2,2,2,0,1,1,0,0,0,0,1,0,4,3,3,2,3,4,6,10,10,10,0,0,0,1,0,0,0,1,0,0,1,0,0,0,0,1,0
0,0,17,0,0,1,3,3,1,2,0,1,1,0,0,0,0,1,1,4,3,3,2,3,3,10,10,10,11,0,0,1,0,0,0,0,0,1,0,0,1,0,0,0,1,0
0,1,17,0,0,1,3,2,1,2,0,1,1,0,1,0,0,1,1,4,3,3,2,3,3,9,11,10,10,0,0,0,1,0,0,0,0,1,0,0,1,0,0,0,1,0
0,0,17,0,0,1,3,3,2,2,0,1,1,0,0,0,0,1,0,3,3,3,2,2,3,6,11,11,11,0,0,1,0,0,0,0,1,0,0,0,1,0,0,1,0,0
0,1,17,0,0,1,2,2,2,2,1,1,0,0,0,0,0,1,1,3,3,3,2,3,3,11,9,10,10,0,0,1,0,0,0,0,1,0,0,1,0,0,0,0,1,0
1,0,17,1,0,1,1,2,2,2,1,1,1,0,0,0,1,0,1,4,3,3,2,3,4,7,9,9,9,1,0,0,0,0,0,0,1,0,0,1,0,0,0,0,1,0
0,0,16,0,0,1,4,3,1,2,0,1,1,0,1,0,0,1,0,4,3,3,1,2,4,3,12,12,13,0,0,0,0,1,0,0,1,0,0,1,0,0,0,0,1,0
0,1,17,0,0,1,2,3,2,2,1,1,1,0,0,0,0,1,1,4,3,3,2,3,4,7,10,10,11,0,0,0,1,0,0,0,0,1,0,1,0,0,0,0,1,0
0,0,17,0,0,1,2,2,2,2,0,1,0,0,1,0,0,1,0,4,3,4,1,2,3,3,11,11,11,0,0,1,0,0,0,0,1,0,0,1,0,0,0,0,1,0
0,0,16,0,0,1,3,3,1,2,0,1,1,0,1,0,0,1,0,4,3,3,1,2,3,5,11,12,12,0,0,0,0,1,0,0,0,1,0,1,0,0,0,0,1,0
0,0,16,0,0,1,3,2,1,2,0,1,1,0,0,0,0,1,0,4,3,3,1,2,3,2,12,12,13,0,0,1,0,0,0,0,1,0,0,0,0,0,1,0,1,0
0,1,17,0,0,1,3,2,1,2,0,1,0,0,1,0,0,1,0,4,3,3,2,3,4,9,11,11,11,0,0,0,1,0,0,0,1,0,0,0,1,0,0,0,1,0
0,1,17,0,0,1,3,3,2,2,1,1,1,0,1,0,0,1,0,4,3,3,2,3,4,8,11,11,12,0,0,0,1,0,0,0,0,1,0,0,0,0,1,0,1,0
0,1,17,0,0,1,3,2,2,2,1,1,0,0,0,0,0,1,0,4,3,3,2,3,4,10,10,11,11,0,0,1,0,0,0,0,1,0,0,0,1,0,0,0,1,0
0,0,16,0,0,1,4,3,1,2,0,1,1,0,1,0,0,1,0,4,3,3,1,2,4,5,12,12,13,0,0,0,0,1,0,0,1,0,0,1,0,0,0,0,1,0
1,0,17,0,0,1,1,2,2,2,1,1,1,0,0,0,0,0,0,4,4,3,2,3,4,2,10,10,10,1,0,0,0,0,0,0,0,1,0,1,0,0,0,1,0,0
1,0,17,1,0,1,2,2,2,2,1,1,0,0,0,0,0,1,0,4,3,3,2,3,3,10,9,9,10,0,0,1,0,0,0,0,1,0,0,0,1,0,0,0,1,0
0,0,17,0,0,1,2,2,2,2,1,1,0,0,0,0,0,1,0,4,3,3,2,2,4,8,10,10,11,0,0,1,0,0,0,0,1,0,0,0,1,0,0,0,0,1
1,1,17,1,0,1,2,2,2,2,1,1,0,0,0,0,0,1,1,4,3,3,2,3,3,5,9,9,9,0,0,1,0,0,0,0,0,1,0,0,0,1,0,0,1,0
0,1,17,0,0,1,3,3,2,2,0,1,1,0,1,0,0,1,1,3,3,3,2,3,3,10,10,11,11,0,1,0,0,0,0,0,0,1,0,0,0,0,1,0,1,0
0,1,17,0,0,1,3,3,2,2,0,1,1,0,1,0,0,1,0,4,3,3,2,2,4,7,11,11,11,0,0,0,1,0,0,0,0,0,1,1,0,0,0,0,1,0
0,1,17,0,0,1,2,2,2,2,1,1,1,0,0,0,0,1,0,4,3,3,2,2,4,7,10,10,10,0,0,1,0,0,0,0,1,0,0,1,0,0,0,1,0,0
0,1,17,0,0,1,3,3,2,2,0,1,1,0,1,0,0,1,0,3,3,3,2,3,4,11,11,11,12,0,0,0,1,0,0,0,0,0,1,0,0,0,1,0,1,0
0,0,17,0,0,1,3,3,1,2,0,1,1,0,0,0,0,1,1,4,3,3,2,2,4,9,10,11,11,0,0,0,0,1,0,0,0,0,1,0,1,0,0,0,1,0
0,1,17,0,0,1,3,2,2,2,1,1,1,0,1,0,0,1,0,4,3,3,2,3,4,6,10,10,11,0,0,0,1,0,0,0,0,1,0,0,0,0,1,0,1,0
0,0,16,0,0,1,4,3,1,2,0,1,1,0,1,0,0,1,0,4,3,3,1,2,3,4,13,13,14,0,0,0,0,1,0,0,1,0,0,0,0,0,1,0,1,0
0,1,16,0,0,1,3,3,1,2,0,1,1,0,1,0,0,1,0,4,4,3,1,2,4,5,13,13,14,0,0,0,1,0,0,0,0,0,1,0,0,0,1,0,1,0
0,1,17,0,0,1,2,2,2,2,0,1,0,0,0,0,0,1,1,4,3,3,2,3,3,9,10,10,10,1,0,0,0,0,0,0,0,1,0,0,1,0,0,0,1,0
0,0,17,0,0,1,2,2,2,2,0,1,1,0,0,0,0,0,0,4,3,4,1,2,4,3,9,9,9,1,0,0,0,0,0,0,1,0,0,1,0,0,0,0,1,0
0,0,17,0,0,1,3,2,2,2,0,1,1,0,1,0,0,1,0,4,3,3,1,2,3,6,11,11,11,0,0,1,0,0,0,0,1,0,0,0,0,0,1,0,1,0
0,0,17,0,0,1,3,2,2,2,0,1,1,0,0,0,0,1,1,4,3,3,2,3,4,10,10,10,10,0,0,1,0,0,0,0,1,0,0,0,1,0,0,0,1,0
0,1,17,0,0,1,3,3,1,2,0,1,1,0,0,0,0,1,0,4,3,3,2,3,4,9,12,12,11,0,0,0,1,0,0,0,0,0,1,0,1,0,0,0,1,0
0,0,17,0,0,1,3,3,2,2,0,1,1,0,0,0,0,1,0,4,3,3,2,2,4,5,10,10,11,0,0,0,1,0,0,0,0,0,1,1,0,0,0,1,0,0
0,1,17,0,0,1,3,3,1,2,0,1,1,0,0,0,0,1,0,4,3,3,2,3,4,10,10,11,11,0,0,1,0,0,0,0,1,0,0,0,1,0,0,0,1,0
1,0,17,1,0,1,2,2,2,2,1,1,0,0,1,0,0,1,0,4,3,3,2,2,3,6,9,9,9,1,0,0,0,0,0,0,1,0,0,1,0,0,0,0,1,0
0,0,17,0,0,1,3,2,1,2,0,1,1,0,1,0,0,1,0,4,3,3,1,2,3,4,11,11,11,0,0,1,0,0,0,0,0,1,0,0,0,0,1,0,1,0
1,0,17,0,0,1,2,2,2,2,1,1,0,0,0,0,0,1,0,4,3,3,2,2,3,7,10,9,10,1,0,0,0,0,0,0,0,1,0,1,0,0,0,0,1,0
1,1,18,1,0,1,1,2,2,2,1,1,0,0,0,0,0,1,1,4,3,3,2,3,3,5,9,9,9,0,0,1,0,0,0,0,0,1,0,0,0,1,0,0,1,0
0,0,17,0,0,1,2,2,2,2,0,1,1,0,1,0,0,0,0,4,3,3,1,2,3,4,10,10,10,1,0,0,0,0,0,0,1,0,0,1,0,0,0,0,1,0
1,1,17,0,0,1,2,2,2,2,1,1,0,0,0,0,0,1,1,4,3,3,2,3,3,6,10,10,10,0,0,1,0,0,0,0,0,1,0,1,0,0,0,0,1,0
0,0,16,0,0,1,3,3,1,2,0,1,1,0,1,0,0,1,0,4,3,3,1,2,3,6,10,11,11,1,0,0,0,0,0,0,1,0,0,0,0,0,1,0,1,0
0,0,16,0,0,1,3,2,2,2,0,1,1,0,1,0,0,1,0,4,3,3,1,2,3,3,12,11,12,0,0,1,0,0,0,0,1,0,0,0,0,0,1,0,1,0
0,0,16,0,0,1,3,3,1,2,0,1,1,0,1,0,0,1,0,4,3,3,1,2,3,3,13,13,14,0,0,0,0,1,0,0,1,0,0,0,0,0,1,0,1,0
0,1,17,0,0,1,3,3,2,2,1,1,1,0,0,0,0,1,1,3,3,3,2,3,4,13,10,10,11,0,1,0,0,0,0,0,1,0,0,0,1,0,0,0,0,1
0,0,17,1,0,1,2,2,2,2,0,1,1,0,1,0,0,1,0,4,3,3,1,2,3,6,11,10,11,1,0,0,0,0,0,0,1,0,0,0,0,0,1,0,1,0
1,0,17,1,0,1,2,2,2,2,0,1,1,0,0,0,0,1,0,4,3,3,2,2,3,6,10,11,11,0,0,1,0,0,0,0,1,0,0,0,0,0,1,1,0,0
0,1,17,0,0,1,3,2,2,2,0,1,1,0,1,0,0,1,0,4,3,3,2,2,4,6,11,11,11,0,0,1,0,0,0,0,1,0,0,1,0,0,0,0,1,0
1,1,17,0,0,1,3,2,2,2,1,1,0,0,0,0,0,1,0,4,3,3,2,3,4,6,10,10,10,0,0,0,1,0,0,0,0,1,0,1,0,0,0,0,1,0
0,1,17,0,0,1,3,3,1,2,0,1,1,0,0,0,0,1,0,4,3,3,2,3,4,9,11,11,11,0,0,0,1,0,0,0,1,0,0,0,1,0,0,0,1,0
0,1,17,0,0,1,2,2,2,2,1,1,0,0,0,0,0,1,0,4,3,3,2,2,4,9,10,10,11,0,0,1,0,0,0,0,1,0,0,0,1,0,0,0,1,0
0,1,16,0,0,1,3,3,2,2,0,1,1,0,1,0,0,1,0,4,3,3,2,3,4,4,11,11,12,0,0,0,1,0,0,0,0,0,1,1,0,0,0,0,1,0
0,0,16,0,0,1,3,3,1,2,0,1,1,0,1,0,0,1,0,4,3,3,1,2,4,2,12,12,12,0,0,0,0,1,0,0,1,0,0,1,0,0,0,0,1,0
0,1,17,0,0,1,3,2,2,2,0,1,1,0,0,0,0,1,0,4,3,3,2,3,4,6,10,10,11,0,0,1,0,0,0,0,1,0,0,1,0,0,0,0,1,0
0,1,17,0,0,1,3,3,2,2,1,1,1,0,0,0,0,1,1,3,3,3,2,3,3,9,10,11,11,0,0,1,0,0,0,0,0,1,0,0,1,0,0,1,0,0
0,0,17,0,0,1,2,2,2,2,0,1,1,0,0,0,0,1,1,4,3,3,2,3,4,9,10,10,10,0,0,1,0,0,0,0,1,0,0,0,1,0,0,0,1,0
0,1,17,0,0,1,2,2,1,2,0,1,0,0,1,0,0,1,0,4,3,3,1,2,4,2,11,11,11,0,0,1,0,0,0,0,1,0,0,1,0,0,0,1,0,0
1,0,17,1,0,1,2,2,2,2,0,1,0,0,1,0,0,1,1,4,3,3,2,3,3,9,10,10,10,1,0,0,0,0,0,0,0,1,0,0,0,1,0,0,1,0
0,1,17,0,0,1,3,2,2,2,1,1,1,0,0,0,0,1,1,3,3,3,2,3,3,12,9,10,10,1,0,0,0,0,0,0,1,0,0,0,1,0,0,0,1,0
1,0,17,0,0,1,2,2,2,2,1,1,1,0,0,0,0,0,0,4,3,4,2,3,4,3,9,8,9,1,0,0,0,0,0,0,1,0,0,1,0,0,0,0,1,0
0,1,17,0,0,1,2,2,2,2,1,1,0,0,0,1,0,1,0,4,3,4,2,3,4,5,9,9,9,0,0,1,0,0,0,0,1,0,0,1,0,0,0,0,1,0
1,1,17,0,0,1,2,2,2,2,1,1,1,0,0,0,0,0,1,4,3,3,2,3,4,7,10,9,10,1,0,0,0,0,1,0,0,0,0,1,0,0,0,1,0,0
0,0,16,0,0,1,3,3,1,2,0,1,1,0,1,0,0,1,0,4,3,2,1,2,3,3,11,11,11,1,0,0,0,0,0,0,1,0,0,0,1,0,0,0,1,0
1,1,17,0,0,1,2,2,2,2,1,1,0,0,0,0,0,1,1,4,3,3,2,3,3,7,9,9,10,0,0,1,0,0,0,0,0,1,0,1,0,0,0,0,1,0
0,1,16,0,0,1,3,3,1,2,1,1,1,0,1,0,0,1,0,4,3,3,2,3,4,6,12,12,13,0,0,0,1,0,0,0,0,0,1,0,0,0,1,0,1,0
0,1,17,0,0,1,3,3,2,2,0,1,1,0,0,0,0,1,0,4,3,3,2,2,4,5,10,10,10,0,0,0,1,0,0,0,0,0,1,1,0,0,0,0,1,0
0,0,17,0,0,1,3,3,2,2,0,1,1,0,1,0,0,1,1,3,3,3,2,2,3,9,10,11,11,0,0,0,0,1,0,0,1,0,0,0,0,0,1,0,1,0
0,0,16,0,0,1,3,3,1,2,0,1,1,0,0,0,0,1,0,4,3,3,2,2,4,3,11,11,11,0,0,0,1,0,0,0,0,1,0,1,0,0,0,1,0,0
1,0,17,0,0,1,1,2,2,2,0,1,0,0,0,0,0,1,0,4,3,3,1,2,3,3,10,9,11,1,0,0,0,0,0,0,0,1,0,1,0,0,0,0,1,0
0,0,16,1,0,1,3,3,2,2,0,1,1,0,0,0,0,1,0,4,3,3,1,2,3,2,12,13,12,0,0,1,0,0,0,0,1,0,0,0,0,0,1,1,0,0
0,0,17,1,0,1,2,2,2,2,0,1,1,0,0,0,0,0,0,4,3,3,1,2,4,3,10,9,9,1,0,0,0,0,0,0,1,0,0,1,0,0,0,0,1,0
0,0,16,0,0,1,3,3,1,2,1,1,1,0,0,0,0,1,0,4,4,3,2,3,4,2,10,10,11,0,0,0,1,0,0,0,0,1,0,1,0,0,0,1,0,0
0,1,16,0,0,1,3,3,2,2,1,1,1,0,1,0,0,1,0,4,3,3,2,3,4,7,11,11,12,0,0,0,1,0,0,0,0,0,1,1,0,0,0,1,0,0
0,1,17,0,0,1,3,3,2,2,1,1,1,0,1,0,0,1,0,4,3,3,2,3,4,9,12,11,12,0,0,0,1,0,0,0,0,0,1,0,0,0,1,0,1,0
1,0,17,0,0,1,2,2,2,2,0,1,1,0,0,0,0,0,0,4,3,3,1,2,4,4,10,9,10,1,0,0,0,0,1,0,0,0,0,1,0,0,0,0,1,0
0,0,17,0,0,1,2,2,2,2,1,1,1,0,0,0,0,1,0,4,3,3,2,3,4,10,10,10,10,0,0,1,0,0,0,0,1,0,0,0,1,0,0,0,1,0
0,1,17,0,0,1,3,3,2,2,1,1,1,0,0,0,0,1,1,3,3,3,2,3,4,9,10,11,11,0,0,1,0,0,0,0,0,1,0,0,1,0,0,1,0,0
0,0,17,0,0,1,2,2,2,2,0,1,1,0,0,0,0,1,0,4,3,3,2,2,3,5,11,11,11,0,0,1,0,0,0,0,1,0,0,0,1,0,0,1,0,0
0,1,18,0,0,1,2,2,2,2,1,1,1,0,0,0,0,1,1,3,3,3,2,3,3,12,10,10,10,0,0,1,0,0,0,0,0,1,0,0,1,0,0,0,0,1
1,1,17,0,0,1,2,2,2,2,1,1,1,0,0,0,0,1,1,3,3,3,2,3,4,11,9,9,10,0,0,1,0,0,1,0,0,0,0,1,0,0,0,0,1,0
0,0,17,0,0,1,3,3,1,2,0,1,1,0,0,0,0,1,1,4,3,3,2,2,3,9,10,10,11,0,0,1,0,0,0,0,1,0,0,0,1,0,0,0,1,0
0,1,17,0,0,1,3,2,1,2,0,1,1,0,0,0,0,1,0,4,3,3,1,2,4,6,11,11,12,0,0,1,0,0,0,0,1,0,0,0,1,0,0,0,1,0
1,0,17,1,0,1,2,2,2,2,0,1,1,0,0,0,0,1,0,4,3,3,2,2,3,5,11,11,12,1,0,0,0,0,0,0,1,0,0,0,1,0,0,1,0,0
0,1,17,0,0,1,3,2,2,2,0,1,1,0,1,0,0,1,0,4,3,3,2,3,4,8,11,11,11,0,0,1,0,0,0,0,1,0,0,0,0,0,1,1,0,0
0,1,17,0,0,1,3,2,2,2,0,1,1,0,0,0,0,1,0,4,3,3,2,3,3,8,11,11,11,0,0,1,0,0,0,0,1,0,0,0,0,0,1,1,0,0
0,1,17,0,0,1,3,3,2,2,0,1,1,0,1,0,0,1,0,4,3,3,2,3,4,9,12,11,12,0,0,0,1,0,0,0,0,0,1,0,0,0,1,0,1,0
1,1,17,0,0,1,2,2,2,2,1,1,0,0,0,0,0,1,1,4,3,3,2,3,3,4,9,10,9,0,0,1,0,0,0,0,0,1,0,1,0,0,0,0,1,0
1,0,17,0,0,1,2,3,2,2,0,1,1,0,0,0,0,1,1,4,3,3,2,3,4,4,11,10,10,0,0,1,0,0,0,0,0,1,0,1,0,0,0,1,0,0
0,1,16,0,0,1,3,3,1,2,0,1,1,0,0,0,0,1,0,4,3,3,1,2,4,3,13,12,13,0,0,1,0,0,0,0,1,0,0,0,1,0,0,1,0,0
1,0,17,0,0,1,2,2,2,2,0,1,0,0,0,0,0,1,1,4,3,3,2,3,3,4,10,10,10,0,0,1,0,0,0,0,0,1,0,1,0,0,0,1,0,0
0,1,17,0,0,1,3,2,1,2,1,1,1,0,1,0,0,1,1,4,3,3,2,3,3,8,11,10,10,0,0,0,1,0,0,0,0,1,0,0,1,0,0,0,1,0
0,1,17,0,0,1,3,2,2,2,1,1,1,0,0,0,0,1,1,4,3,3,2,3,4,12,10,10,11,0,0,1,0,0,0,0,1,0,0,0,1,0,0,0,1,0
0,0,17,0,0,1,3,3,2,2,0,1,1,0,1,0,0,1,1,4,3,3,2,2,3,7,10,10,11,1,0,0,0,0,0,0,1,0,0,0,0,0,1,0,1,0
0,1,17,0,0,1,3,3,1,2,0,1,1,0,1,0,0,1,0,4,3,3,2,2,4,5,12,12,12,0,0,0,1,0,0,0,0,1,0,0,0,0,1,0,1,0
1,1,17,1,0,1,2,2,2,2,1,1,1,0,0,0,0,1,1,3,3,3,2,3,4,10,9,9,10,0,0,1,0,0,0,0,1,0,0,1,0,0,0,0,0,1
0,0,17,1,0,1,3,2,2,2,0,1,1,0,1,0,0,1,1,4,3,3,2,2,3,10,10,10,11,0,0,1,0,0,0,0,1,0,0,0,0,0,1,0,1,0
0,1,16,0,0,1,3,3,1,2,0,1,1,0,1,0,0,1,0,4,3,3,2,2,4,4,12,12,13,0,0,0,1,0,0,0,0,0,1,0,0,0,1,1,0,0
0,0,17,0,0,1,3,3,2,2,0,1,1,0,0,0,0,1,0,4,3,3,2,2,4,7,10,10,10,0,0,0,0,1,1,0,0,0,0,1,0,0,0,0,1,0
0,1,16,0,0,1,3,3,1,2,0,1,1,0,1,0,0,1,0,4,3,3,1,2,4,5,12,12,13,0,0,0,1,0,0,0,1,0,0,0,0,0,1,1,0,0
0,1,17,0,0,1,3,3,1,2,0,1,1,0,1,0,0,1,0,4,3,3,1,2,4,5,13,13,13,0,0,0,1,0,0,0,1,0,0,0,0,0,1,0,1,0
0,1,17,0,0,1,3,3,2,2,1,1,1,0,1,0,0,1,1,4,3,3,2,3,3,9,10,10,10,0,0,0,1,0,0,0,0,1,0,0,0,0,1,0,1,0
0,0,17,0,0,1,2,2,2,2,0,1,1,0,1,0,0,0,0,4,3,3,1,2,3,4,10,10,10,1,0,0,0,0,0,0,1,0,0,1,0,0,0,0,1,0
1,0,17,0,0,1,1,1,2,1,1,1,0,0,0,1,0,1,0,4,4,4,1,3,4,2,9,9,9,0,0,1,0,0,0,0,1,0,0,1,0,0,0,0,1,0
0,0,16,0,0,1,3,3,1,2,0,1,1,0,1,0,0,1,0,4,3,3,2,2,3,4,11,11,12,0,0,0,1,0,0,0,0,1,0,0,0,0,1,1,0,0
1,1,17,0,0,1,2,2,2,2,1,1,0,0,0,0,0,1,1,4,3,3,2,3,3,9,9,9,10,0,0,1,0,0,0,0,0,1,0,1,0,0,0,1,0,0
0,1,17,0,0,1,3,3,2,2,0,1,1,0,1,0,0,1,0,4,3,3,2,3,4,7,11,10,10,0,0,0,1,0,0,0,0,1,0,0,0,0,1,0,1,0
0,0,16,0,0,1,4,3,1,2,0,1,1,0,1,0,0,1,0,4,3,3,1,2,4,5,12,12,13,0,0,0,1,0,0,0,0,0,1,0,0,0,1,0,1,0
0,1,17,0,0,1,2,2,2,2,0,1,0,0,1,0,0,1,0,4,4,4,2,3,4,5,10,11,10,0,0,1,0,0,0,0,1,0,0,1,0,0,0,0,1,0
1,0,17,0,0,1,2,2,2,2,0,1,1,0,0,0,0,1,1,4,3,3,2,3,4,3,11,10,10,0,0,1,0,0,0,0,0,1,0,1,0,0,0,1,0,0
0,0,16,0,0,1,3,3,1,2,0,1,1,0,1,0,0,1,0,4,3,3,1,2,3,6,12,12,13,0,0,0,0,1,0,0,1,0,0,0,0,0,1,0,1,0
0,1,17,0,0,1,3,3,2,2,1,1,1,0,1,0,0,1,0,4,3,3,2,3,4,10,12,11,12,0,0,0,1,0,0,0,0,0,1,0,0,0,1,0,1,0
1,0,17,1,0,1,1,1,2,2,1,1,1,0,0,0,0,0,0,4,3,3,1,2,4,4,9,9,9,1,0,0,0,0,1,0,0,0,0,1,0,0,0,0,1,0
1,0,17,1,0,1,2,2,2,2,1,1,1,0,0,1,0,1,0,4,3,3,2,3,4,6,9,9,9,0,0,1,0,0,0,0,1,0,0,1,0,0,0,0,0,1
0,1,17,0,0,1,3,3,2,2,0,1,1,0,1,0,0,1,0,4,3,3,2,3,4,9,10,10,11,0,0,0,1,0,0,0,1,0,0,1,0,0,0,0,1,0
0,1,17,0,0,1,3,2,1,2,0,1,0,0,0,0,0,1,0,4,3,3,2,3,4,9,11,11,11,0,0,1,0,0,0,0,1,0,0,0,1,0,0,0,1,0
0,0,17,0,0,1,2,2,2,2,0,1,1,0,1,0,0,0,0,4,3,3,1,2,3,4,11,11,11,1,0,0,0,0,1,0,0,0,0,0,0,0,1,0,1,0
1,0,17,0,0,1,2,2,2,2,1,1,1,0,0,0,0,0,1,4,3,3,2,3,4,3,10,10,10,0,0,1,0,0,1,0,0,0,0,1,0,0,0,1,0,0
1,0,17,0,0,1,2,2,2,2,1,1,1,0,0,0,0,0,0,4,3,3,2,2,4,4,10,10,10,1,0,0,0,0,1,0,0,0,0,1,0,0,0,1,0,0
0,1,17,0,0,1,3,2,1,2,0,1,0,0,1,0,0,1,0,4,4,4,1,3,4,5,11,12,11,0,0,0,1,0,0,0,1,0,0,0,0,0,1,0,1,0
1,0,17,0,0,1,2,2,1,2,0,1,0,0,0,0,0,1,0,4,3,3,2,2,3,2,10,10,10,0,0,1,0,0,0,0,0,1,0,1,0,0,0,1,0,0
0,1,17,0,0,1,3,2,2,2,1,1,0,0,1,0,0,1,0,4,3,3,2,3,4,5,10,10,10,0,0,0,1,0,0,0,0,1,0,0,0,1,0,0,1,0
0,0,17,0,0,1,2,2,2,2,0,1,1,0,0,0,0,1,0,4,3,3,1,2,3,3,11,12,12,0,0,1,0,0,0,0,1,0,0,0,1,0,0,1,0,0
0,0,17,0,0,1,3,2,1,2,0,1,1,0,0,0,0,1,1,4,3,3,2,2,3,7,10,10,10,0,0,1,0,0,0,0,1,0,0,0,1,0,0,0,1,0
0,0,17,0,0,1,2,2,2,2,0,1,0,0,0,0,0,1,0,4,3,3,1,2,3,5,10,10,10,0,0,1,0,0,0,0,1,0,0,0,1,0,0,0,1,0
0,1,17,0,0,1,3,3,2,2,0,1,1,0,0,0,0,1,1,3,3,3,2,3,3,13,10,10,10,0,0,1,0,0,1,0,0,0,0,0,1,0,0,0,1,0
1,0,17,1,0,1,2,2,2,2,1,1,1,0,0,0,0,1,0,3,3,3,2,3,3,9,10,10,11,0,0,1,0,0,0,0,1,0,0,0,0,1,0,1,0,0
1,1,17,0,0,1,2,2,2,1,1,1,1,0,0,1,0,0,0,4,3,4,2,3,4,3,9,9,9,0,0,1,0,0,0,0,1,0,0,1,0,0,0,0,1,0
0,1,17,0,0,1,3,2,1,2,0,1,1,0,0,0,0,1,0,4,3,3,2,3,4,9,11,11,11,0,0,1,0,0,0,0,1,0,0,0,1,0,0,0,1,0
1,0,17,0,0,1,3,2,1,2,0,1,0,0,1,0,0,1,0,4,3,3,2,3,3,4,10,10,11,0,0,1,0,0,0,0,0,1,0,0,0,1,0,0,1,0
0,1,16,0,0,1,3,3,2,2,1,1,1,0,1,0,0,1,0,4,3,3,2,3,4,7,11,11,12,0,0,0,1,0,0,0,1,0,0,1,0,0,0,0,1,0
0,0,16,0,0,1,4,3,1,2,0,1,1,0,1,0,0,1,0,4,3,3,1,2,3,2,13,14,15,0,0,0,0,1,0,0,1,0,0,0,0,0,1,0,1,0
0,0,17,1,0,1,2,2,2,2,0,1,1,0,0,0,0,1,0,4,3,3,1,2,3,4,11,11,12,0,0,1,0,0,0,0,1,0,0,0,0,0,1,1,0,0
0,0,16,0,0,1,4,3,1,2,0,1,1,0,1,0,0,1,0,4,3,3,1,2,4,4,13,13,14,0,0,0,1,0,0,0,0,0,1,0,0,0,1,0,1,0
0,1,17,0,0,1,3,2,2,2,1,1,1,0,0,0,0,1,0,4,4,4,2,3,4,3,9,10,9,0,0,0,1,0,0,0,1,0,0,1,0,0,0,0,1,0
0,0,17,1,0,1,2,2,2,2,0,1,1,0,1,0,0,0,0,4,3,3,1,2,3,6,10,10,10,1,0,0,0,0,1,0,0,0,0,0,0,1,0,0,1,0
1,0,17,0,0,1,2,2,2,2,1,1,0,0,0,0,0,1,1,4,3,3,2,3,3,4,10,10,10,0,0,1,0,0,0,0,0,1,0,1,0,0,0,1,0,0
0,0,16,0,0,1,3,3,2,2,0,1,1,0,0,0,0,1,0,4,3,3,1,2,4,3,11,10,11,1,0,0,0,0,0,0,1,0,0,1,0,0,0,0,1,0
0,1,17,0,0,1,3,3,2,2,0,1,1,0,1,0,0,1,0,4,3,3,2,3,4,8,11,11,12,0,0,1,0,0,0,0,1,0,0,0,1,0,0,1,0,0
0,1,17,0,0,1,3,3,1,2,0,1,1,0,1,0,0,1,0,4,3,3,1,2,4,7,13,12,13,0,0,0,1,0,0,0,1,0,0,0,1,0,0,0,1,0
0,1,16,0,0,1,3,3,2,2,0,1,1,0,0,0,0,1,0,4,4,3,2,2,5,2,11,10,11,0,0,0,1,0,0,0,1,0,0,1,0,0,0,0,1,0
0,1,17,0,0,1,3,3,2,2,0,1,1,0,1,0,0,1,0,4,3,3,2,3,4,8,11,11,12,0,0,0,1,0,0,0,0,1,0,0,0,0,1,0,1,0
0,0,17,0,0,1,2,3,2,2,0,1,1,0,0,0,0,1,0,4,3,3,1,2,3,2,11,12,11,0,0,1,0,0,0,0,0,1,0,0,0,0,1,1,0,0
0,0,18,0,0,1,2,1,2,2,0,1,0,0,0,0,0,1,0,4,3,3,1,2,3,5,11,10,11,0,0,1,0,0,0,0,1,0,0,0,1,0,0,0,0,1
0,1,17,0,0,1,3,3,1,2,0,1,1,0,1,0,0,1,0,4,3,3,1,3,4,7,12,12,12,0,0,0,1,0,0,0,1,0,0,0,1,0,0,1,0,0
0,1,17,0,0,1,2,2,2,2,1,1,1,0,0,0,0,1,1,4,3,3,2,3,4,8,10,9,10,0,0,1,0,0,0,0,1,0,0,1,0,0,0,0,0,1
0,0,17,0,0,1,3,2,2,2,0,1,0,0,0,0,0,1,0,4,3,4,1,2,4,3,10,10,10,0,0,1,0,0,0,0,1,0,0,1,0,0,0,0,1,0
0,0,17,1,0,1,2,2,2,2,0,1,0,0,1,0,0,1,1,4,3,3,2,2,3,6,10,10,10,1,0,0,0,0,0,0,0,1,0,0,0,1,0,0,1,0
1,0,17,0,0,1,2,2,2,2,1,1,1,0,0,0,0,1,0,4,3,3,2,2,4,3,10,10,11,1,0,0,0,0,0,0,1,0,0,1,0,0,0,1,0,0
1,0,17,1,0,1,2,2,2,2,1,1,1,0,0,0,0,1,0,4,3,3,2,3,3,6,10,10,11,1,0,0,0,0,1,0,0,0,0,0,0,1,0,1,0,0
0,1,17,0,0,1,3,3,1,2,0,1,1,0,1,0,0,1,0,4,3,3,2,3,4,9,12,11,12,0,0,0,1,0,0,0,1,0,0,0,0,0,1,0,1,0
0,1,16,0,0,1,3,3,1,2,0,1,1,0,1,0,0,1,0,4,3,3,1,2,4,3,13,13,13,0,0,0,1,0,0,0,1,0,0,1,0,0,0,1,0,0
0,1,17,0,0,1,3,2,2,2,1,1,1,0,0,0,0,1,1,3,3,3,2,3,3,13,9,10,10,1,0,0,0,0,0,0,1,0,0,0,1,0,0,0,1,0
0,1,17,0,0,1,2,2,2,2,1,1,0,0,0,0,0,1,0,4,3,3,2,2,3,9,10,10,11,0,0,1,0,0,0,0,1,0,0,0,0,0,1,0,0,1
0,0,17,0,0,1,3,3,2,2,0,1,1,0,0,0,0,1,0,4,3,3,2,2,4,8,10,10,10,1,0,0,0,0,1,0,0,0,0,1,0,0,0,0,1,0
0,0,16,0,0,1,4,3,1,2,0,1,1,0,1,0,0,1,0,4,3,3,1,2,3,5,11,12,12,0,0,0,0,1,0,1,0,0,0,0,0,0,1,0,1,0
1,1,17,0,0,1,3,2,2,2,1,1,1,0,0,0,0,1,0,4,3,3,2,3,4,6,10,10,10,0,0,1,0,0,0,0,0,1,0,1,0,0,0,0,1,0
1,1,17,0,0,1,3,2,2,2,1,1,1,0,0,0,0,1,0,4,3,3,2,3,4,4,9,10,10,0,0,0,1,0,0,0,0,1,0,1,0,0,0,0,1,0
0,1,17,0,0,1,3,2,2,2,1,1,1,0,0,0,0,1,1,4,3,3,2,3,4,12,10,10,10,0,0,1,0,0,0,0,1,0,0,0,1,0,0,0,1,0
0,0,17,0,0,1,2,2,2,2,0,1,1,0,0,0,0,1,1,4,3,3,2,2,3,10,10,10,10,0,0,1,0,0,0,0,1,0,0,0,1,0,0,0,1,0
0,0,17,0,0,1,3,3,2,2,1,1,1,0,1,0,0,1,0,4,3,3,2,3,4,5,10,11,11,0,0,0,1,0,0,0,0,1,0,1,0,0,0,1,0,0
0,1,16,0,0,1,3,3,1,2,0,1,1,0,0,0,0,1,0,4,3,3,1,2,4,5,12,12,12,0,0,1,0,0,0,0,1,0,0,0,1,0,0,1,0,0
1,1,17,0,0,1,2,2,2,2,1,1,1,0,0,0,0,1,0,4,4,3,2,3,4,4,9,9,10,0,0,0,1,0,0,0,0,1,0,1,0,0,0,0,1,0
0,0,17,0,0,1,2,2,2,2,0,1,1,0,0,0,0,0,0,4,3,3,1,2,4,3,10,9,10,1,0,0,0,0,0,0,1,0,0,1,0,0,0,0,1,0
1,1,18,1,0,1,1,2,2,2,1,1,0,0,0,0,0,1,1,4,3,3,2,3,3,6,9,9,9,1,0,0,0,0,0,0,0,1,0,0,0,1,0,0,1,0
0,0,17,0,0,1,3,3,2,2,0,1,1,0,0,0,0,1,0,4,3,3,2,2,3,3,11,12,11,0,0,1,0,0,0,0,0,1,0,0,0,0,1,1,0,0
0,0,16,0,0,1,3,3,1,2,0,1,1,0,1,0,0,1,0,4,3,3,1,2,4,3,12,12,13,0,0,0,0,1,0,0,1,0,0,0,0,0,1,0,1,0
0,0,17,1,0,1,2,2,2,2,0,1,1,0,1,0,0,0,0,4,3,3,1,2,3,5,10,9,10,1,0,0,0,0,0,0,1,0,0,1,0,0,0,0,1,0
0,1,17,0,0,1,3,3,1,2,0,1,1,0,1,0,0,1,0,4,3,3,1,2,4,6,12,12,12,0,0,0,1,0,0,0,1,0,0,0,0,0,1,0,1,0
0,1,17,0,0,1,3,3,2,2,1,1,1,0,0,0,0,1,0,3,3,3,2,3,4,7,9,9,10,0,0,0,0,1,0,0,1,0,0,1,0,0,0,0,1,0
0,1,17,0,0,1,3,3,2,2,0,1,1,0,0,0,0,1,0,4,3,3,2,2,4,6,11,11,12,0,0,1,0,0,0,0,1,0,0,0,1,0,0,1,0,0
0,1,17,0,0,1,2,2,2,2,1,1,1,0,0,0,0,1,1,3,3,3,2,3,4,13,10,9,10,1,0,0,0,0,1,0,0,0,0,0,1,0,0,0,1,0
0,1,17,0,0,1,3,2,2,2,0,1,0,0,1,0,0,1,0,4,3,3,2,3,4,8,10,11,11,0,0,1,0,0,0,0,1,0,0,0,0,0,1,0,1,0
1,1,18,0,0,1,2,2,2,2,1,1,0,0,0,0,0,1,1,4,3,3,2,3,3,8,10,10,10,0,0,1,0,0,0,0,0,1,0,0,1,0,0,1,0,0
0,0,16,0,0,1,4,3,1,2,0,1,1,0,1,0,0,1,0,4,3,3,1,2,3,2,13,13,14,0,0,0,0,1,0,0,0,0,1,1,0,0,0,0,1,0
1,0,17,1,0,1,1,1,2,2,0,1,0,0,0,0,0,1,0,4,3,3,2,3,3,2,9,10,9,1,0,0,0,0,0,0,0,1,0,0,0,1,0,0,1,0
1,0,18,1,0,1,1,2,2,2,1,1,0,0,0,0,1,0,0,4,3,3,2,3,3,7,9,10,10,1,0,0,0,0,1,0,0,0,0,0,1,0,0,0,0,1
1,1,17,1,0,1,2,2,2,2,1,1,0,0,0,0,0,1,1,3,3,3,2,3,3,11,9,10,10,1,0,0,0,0,1,0,0,0,0,0,0,1,0,0,1,0
0,1,17,0,0,1,3,2,2,2,0,1,1,0,1,0,0,1,0,4,3,3,2,2,3,7,11,11,12,0,0,1,0,0,0,0,1,0,0,0,0,0,1,1,0,0
0,1,16,0,0,1,3,3,1,2,0,1,1,0,1,0,0,1,0,4,4,3,1,2,4,4,12,12,13,0,0,0,1,0,0,0,1,0,0,1,0,0,0,0,1,0
1,1,17,0,0,1,2,2,2,1,1,1,1,0,0,0,0,0,0,4,3,3,2,3,4,4,10,9,9,1,0,0,0,0,1,0,0,0,0,1,0,0,0,0,1,0
0,1,16,0,0,1,3,2,1,2,0,1,1,0,0,0,0,1,0,4,3,3,1,2,4,5,11,12,12,0,0,1,0,0,0,0,1,0,0,0,1,0,0,0,1,0
0,0,16,0,0,1,4,3,1,2,0,1,1,0,1,0,0,1,0,4,3,3,1,2,3,5,13,13,14,0,0,0,0,1,0,0,1,0,0,0,0,0,1,0,1,0
0,1,16,0,0,1,3,3,1,2,1,1,1,0,0,0,0,1,0,4,4,3,2,3,4,2,10,10,10,0,0,0,1,0,0,0,0,1,0,1,0,0,0,1,0,0
0,0,17,0,0,1,3,3,2,2,0,1,1,0,1,0,0,1,0,4,3,3,2,2,4,9,10,10,11,0,0,0,0,1,0,0,0,0,1,1,0,0,0,0,1,0
0,1,16,0,0,1,3,3,2,2,0,1,1,0,1,0,0,1,0,4,3,3,2,2,4,4,12,11,12,0,0,0,1,0,0,0,0,0,1,1,0,0,0,0,1,0
0,0,16,0,0,1,3,3,1,2,0,1,1,0,1,0,0,1,0,4,3,3,1,2,3,4,11,11,11,0,0,0,1,0,0,0,0,1,0,1,0,0,0,0,1,0
0,0,17,0,0,1,2,2,2,2,0,1,1,0,0,0,0,1,1,3,3,3,2,3,3,10,10,10,10,1,0,0,0,0,1,0,0,0,0,0,1,0,0,0,1,0
0,1,17,0,0,1,3,3,1,2,0,1,1,0,1,0,0,1,0,4,3,3,2,3,4,7,11,11,11,0,0,0,1,0,0,0,0,1,0,0,1,0,0,1,0,0
0,0,17,0,0,1,2,2,2,2,0,1,0,0,0,0,0,1,0,4,3,3,2,2,3,7,11,10,11,0,0,1,0,0,0,0,1,0,0,0,0,0,1,1,0,0
1,0,18,1,0,1,2,2,2,2,1,1,1,0,0,0,0,1,0,4,3,3,2,3,3,10,9,9,10,1,0,0,0,0,0,0,1,0,0,0,0,1,0,0,0,1
0,0,16,0,0,1,3,3,1,2,0,1,1,0,1,0,0,1,0,3,3,3,1,2,3,8,11,11,11,0,0,0,0,1,0,0,0,0,1,0,1,0,0,0,1,0
0,0,16,0,0,1,4,3,1,2,0,1,1,0,1,0,0,1,0,4,4,3,1,2,4,1,14,13,14,0,0,0,0,1,0,0,1,0,0,1,0,0,0,0,1,0
0,0,16,0,0,1,3,3,2,2,0,1,1,0,1,0,0,1,0,4,3,3,2,2,3,3,12,12,12,0,0,1,0,0,0,0,1,0,0,0,0,0,1,1,0,0
0,0,17,0,0,1,2,2,2,2,0,1,1,0,1,0,0,0,0,4,3,3,1,2,3,4,11,10,10,1,0,0,0,0,0,0,1,0,0,1,0,0,0,0,1,0
1,0,17,0,0,1,2,2,2,2,0,1,0,0,1,0,0,1,1,4,3,3,2,3,3,3,11,10,10,0,0,1,0,0,0,0,0,1,0,0,0,0,1,1,0,0
0,0,16,0,0,1,3,3,1,2,0,1,1,0,1,0,0,1,0,4,3,3,1,2,3,6,12,12,12,0,0,0,0,1,0,0,0,0,1,0,0,0,1,0,1,0
0,1,17,0,0,1,3,3,2,2,0,1,1,0,0,0,0,1,0,4,3,3,2,3,4,6,11,11,11,0,0,0,1,0,0,0,0,0,1,1,0,0,0,0,1,0
0,0,17,0,0,1,3,3,2,2,0,1,1,0,0,0,0,1,0,4,3,3,2,2,4,6,10,10,10,0,0,0,0,1,1,0,0,0,0,1,0,0,0,0,1,0
1,1,17,0,0,1,2,2,2,2,1,1,1,0,0,1,0,1,0,4,3,4,2,3,4,4,9,9,9,0,0,1,0,0,0,0,1,0,0,1,0,0,0,0,1,0
0,1,17,0,0,1,3,3,1,2,0,1,1,0,1,0,0,1,0,4,3,3,2,3,4,6,11,12,12,0,0,0,1,0,0,0,0,1,0,0,1,0,0,0,1,0
0,0,16,0,0,1,3,3,1,2,0,1,1,0,1,0,0,1,0,4,3,3,1,2,3,5,12,12,13,0,0,0,0,1,0,0,1,0,0,0,0,0,1,0,1,0
0,0,17,1,0,1,2,2,2,2,0,1,1,0,1,0,0,0,0,4,3,3,2,2,3,6,10,10,10,1,0,0,0,0,0,0,1,0,0,0,0,1,0,0,1,0
0,1,17,0,0,1,3,3,2,2,1,1,1,0,0,0,0,1,0,3,3,3,2,3,4,11,11,11,11,0,0,0,1,0,0,0,1,0,0,0,1,0,0,1,0,0
0,1,17,0,0,1,3,3,2,2,1,1,1,0,1,0,0,1,0,4,3,3,2,3,4,8,10,10,11,0,0,1,0,0,0,0,1,0,0,1,0,0,0,1,0,0
1,1,18,1,0,1,1,1,2,2,1,1,0,0,0,0,1,0,1,4,3,3,2,3,3,6,9,10,9,1,0,0,0,0,0,0,0,1,0,0,0,1,0,0,1,0
0,1,17,0,0,1,3,3,2,2,1,1,1,0,0,0,0,1,0,4,3,3,2,3,4,6,10,9,10,0,0,0,1,0,0,0,1,0,0,1,0,0,0,0,1,0
0,1,17,0,0,1,3,3,2,2,1,1,1,0,1,0,0,1,0,4,3,3,2,3,3,7,10,10,11,0,0,0,1,0,0,0,0,1,0,0,0,0,1,1,0,0
1,1,17,0,0,1,2,2,2,2,1,1,1,0,0,0,0,1,1,4,3,3,2,3,3,8,9,10,10,0,0,1,0,0,0,0,0,1,0,1,0,0,0,1,0,0
0,0,17,0,0,1,3,3,2,2,0,1,1,0,0,0,0,1,0,3,3,3,2,3,3,8,10,11,11,0,0,1,0,0,0,0,1,0,0,0,1,0,0,1,0,0
0,0,16,1,0,1,2,2,2,2,0,1,1,0,0,0,0,1,0,4,3,2,1,2,3,1,12,12,12,1,0,0,0,0,0,0,1,0,0,0,1,0,0,1,0,0
1,0,17,1,0,1,2,2,2,2,1,1,0,0,0,0,0,1,1,4,3,3,2,3,4,7,9,9,9,0,0,1,0,0,0,0,1,0,0,1,0,0,0,0,1,0
0,1,17,0,0,1,3,3,2,2,0,1,1,0,0,0,0,1,1,4,3,3,2,3,3,10,10,10,11,0,1,0,0,0,0,0,1,0,0,1,0,0,0,0,1,0
1,0,16,0,0,1,2,2,1,2,0,1,1,0,0,0,0,1,0,4,4,3,1,2,4,1,11,10,11,0,0,0,1,0,0,0,0,1,0,1,0,0,0,1,0,0
0,0,17,1,0,1,2,2,2,2,0,1,1,0,1,0,0,1,0,4,3,3,2,2,3,7,10,10,10,1,0,0,0,0,0,0,1,0,0,0,0,0,1,0,1,0
1,0,17,1,0,1,2,2,2,2,1,1,1,0,0,0,0,0,0,4,3,3,2,3,4,6,9,8,9,1,0,0,0,0,0,0,1,0,0,1,0,0,0,0,1,0
0,0,16,0,0,1,3,3,1,2,0,1,1,0,1,0,0,1,0,4,3,3,1,2,4,2,12,12,13,0,0,1,0,0,0,0,1,0,0,0,0,0,1,1,0,0
0,1,17,0,0,1,3,2,1,2,0,1,0,0,0,0,0,1,0,4,3,3,2,2,4,6,11,11,11,0,0,1,0,0,0,0,1,0,0,0,1,0,0,0,1,0
0,0,16,0,0,1,3,3,2,2,0,1,1,0,1,0,0,1,0,4,3,3,2,2,4,4,11,11,12,0,0,0,1,0,0,0,0,1,0,1,0,0,0,1,0,0
0,0,17,0,0,1,3,3,2,2,0,1,1,0,0,0,0,1,0,4,3,3,2,2,4,6,11,10,11,0,0,0,0,1,0,0,1,0,0,1,0,0,0,0,1,0
1,0,17,0,0,1,1,2,2,2,1,1,1,0,0,0,0,0,0,4,3,3,2,2,4,3,10,11,10,1,0,0,0,0,1,0,0,0,0,1,0,0,0,1,0,0
0,1,17,0,0,1,3,3,2,2,0,1,1,0,0,0,0,1,0,3,3,3,2,2,4,6,11,11,11,0,0,1,0,0,0,1,0,0,0,0,1,0,0,1,0,0
0,1,17,0,0,1,3,3,2,2,1,1,1,0,0,0,0,1,0,4,3,3,2,3,4,5,10,10,10,0,0,0,1,0,0,0,0,1,0,1,0,0,0,1,0,0
1,1,17,0,0,1,3,2,1,2,1,1,0,0,0,0,0,1,1,4,3,4,2,3,3,8,11,10,10,0,0,1,0,0,0,0,0,1,0,0,1,0,0,0,1,0
0,0,17,1,0,1,2,2,2,2,0,1,1,0,1,0,0,0,0,4,3,3,1,2,3,4,10,10,10,1,0,0,0,0,0,0,1,0,0,0,0,1,0,0,1,0
0,1,17,0,0,1,3,3,2,2,0,1,1,0,0,0,0,1,0,4,3,3,2,2,4,5,11,10,11,0,0,1,0,0,0,0,1,0,0,1,0,0,0,1,0,0
1,0,17,1,0,1,2,2,2,2,1,1,1,0,0,0,0,1,0,4,3,3,1,2,4,3,10,10,10,0,0,1,0,0,0,0,1,0,0,1,0,0,0,1,0,0
0,0,16,0,0,1,4,3,1,2,0,1,1,0,1,0,0,1,0,4,3,3,1,2,4,3,12,12,13,0,0,0,0,1,0,0,0,0,1,1,0,0,0,0,1,0
1,1,18,1,0,1,2,2,2,2,1,1,0,0,0,0,0,0,1,4,3,3,2,3,3,9,9,10,10,1,0,0,0,0,0,0,0,1,0,0,0,1,0,1,0,0
0,0,16,0,0,1,3,3,1,2,0,1,1,0,1,0,0,1,0,4,3,3,1,2,4,3,12,12,13,0,1,0,0,0,0,1,0,0,0,0,0,0,1,1,0,0
0,1,17,0,0,1,3,3,2,2,1,1,1,0,0,0,0,1,0,4,3,3,2,3,4,12,10,10,11,0,0,1,0,0,0,0,1,0,0,0,1,0,0,0,0,1
1,0,17,0,0,1,1,2,2,2,1,1,0,0,0,0,0,1,0,4,3,3,2,3,3,3,10,10,10,1,0,0,0,0,0,0,0,1,0,1,0,0,0,1,0,0
0,1,16,0,0,1,3,3,1,2,0,1,1,0,0,0,0,1,0,4,3,4,2,2,4,7,12,12,11,0,0,0,0,1,0,0,0,0,1,0,1,0,0,0,1,0
0,0,17,1,0,1,2,2,2,2,0,1,1,0,1,0,0,1,0,4,3,3,1,2,3,5,10,11,10,1,0,0,0,0,1,0,0,0,0,0,0,1,0,0,1,0
0,1,17,0,0,1,3,3,1,2,0,1,1,0,1,0,0,1,0,4,3,3,2,3,4,8,11,11,11,0,0,0,1,0,0,0,0,1,0,0,1,0,0,1,0,0
1,0,17,1,0,1,2,2,2,2,0,1,1,0,0,0,0,1,0,4,3,3,2,2,3,4,11,11,12,1,0,0,0,0,0,0,1,0,0,0,0,1,0,1,0,0
0,1,16,0,0,1,3,3,1,2,0,1,1,0,1,0,0,1,0,4,3,3,1,2,4,4,13,13,13,0,0,0,1,0,0,0,1,0,0,0,0,0,1,1,0,0
0,1,17,0,0,1,3,3,2,2,1,1,1,0,0,0,0,1,0,4,4,3,2,3,4,4,11,10,11,0,0,0,1,0,0,0,1,0,0,1,0,0,0,0,1,0
0,0,17,1,0,1,2,2,2,2,0,1,1,0,1,0,0,1,1,4,3,3,2,2,3,7,10,10,10,1,0,0,0,0,0,0,0,1,0,0,0,1,0,0,1,0
0,1,16,0,0,1,3,3,1,2,0,1,1,0,1,0,0,1,0,4,3,3,2,2,4,7,13,12,13,0,0,0,1,0,0,0,1,0,0,0,0,0,1,1,0,0
0,1,17,0,0,1,2,2,2,2,1,1,1,0,0,0,0,1,0,4,3,3,2,3,4,8,9,10,10,0,0,1,0,0,0,0,1,0,0,1,0,0,0,0,0,1
0,1,17,0,0,1,3,3,1,2,1,1,1,0,1,0,0,1,0,4,3,3,2,3,4,6,12,12,12,0,0,0,1,0,0,0,0,1,0,0,0,0,1,0,1,0
0,1,17,0,0,1,3,3,2,2,0,1,1,0,0,0,0,1,1,3,3,3,2,3,4,12,10,11,11,0,1,0,0,0,0,0,1,0,0,0,1,0,0,0,1,0
0,1,16,0,0,1,3,3,1,2,0,1,1,0,1,0,0,1,0,4,3,3,2,2,4,5,12,12,13,0,0,0,1,0,0,0,1,0,0,1,0,0,0,1,0,0
0,0,16,0,0,1,3,3,1,2,0,1,1,0,0,0,0,1,0,4,3,3,1,2,4,6,10,11,11,1,0,0,0,0,0,0,0,0,1,0,1,0,0,0,1,0
1,0,18,1,0,1,1,2,2,2,1,1,0,0,0,0,0,0,0,3,3,3,2,3,3,7,9,9,9,1,0,0,0,0,0,0,1,0,0,0,0,1,0,0,1,0
1,0,17,0,0,1,2,2,2,2,1,1,1,0,0,0,0,1,0,4,4,3,2,3,4,3,10,10,11,0,0,0,1,0,0,0,0,1,0,1,0,0,0,0,1,0
0,0,16,0,0,1,3,3,1,2,0,1,1,0,1,0,0,1,0,4,3,3,1,2,3,3,12,12,12,0,0,0,1,0,0,0,0,1,0,0,0,0,1,0,1,0
0,0,17,0,0,1,3,3,2,2,0,1,1,0,1,0,0,1,0,4,3,3,1,2,3,4,11,11,12,0,0,0,0,1,0,0,1,0,0,1,0,0,0,0,1,0
0,0,17,0,0,1,3,2,2,2,0,1,1,0,1,0,0,1,0,4,3,3,1,2,3,7,10,10,10,1,0,0,0,0,1,0,0,0,0,0,1,0,0,0,1,0
0,1,17,0,0,1,3,3,1,2,0,1,1,0,0,0,0,1,0,4,3,4,2,3,4,9,11,11,11,0,0,0,1,0,0,0,1,0,0,0,1,0,0,0,1,0
0,0,17,1,0,1,2,3,2,2,0,1,1,0,0,0,0,1,0,4,3,3,2,2,3,6,10,11,11,1,0,0,0,0,0,0,1,0,0,0,0,0,1,1,0,0
0,0,17,0,0,1,3,3,1,2,0,1,1,0,1,0,0,1,1,4,3,3,2,3,3,9,10,10,11,0,0,1,0,0,0,0,0,1,0,0,1,0,0,0,1,0
0,1,17,0,0,1,3,3,2,2,1,1,1,0,1,0,0,1,1,3,3,3,2,3,4,10,10,11,11,0,1,0,0,0,0,0,0,1,0,0,1,0,0,1,0,0
0,0,17,0,0,1,2,2,2,2,0,1,1,0,0,0,0,1,1,3,3,3,2,3,3,9,10,10,10,1,0,0,0,0,0,0,1,0,0,0,1,0,0,0,1,0
1,1,17,0,0,1,3,2,2,2,1,1,1,0,0,0,0,1,0,4,3,3,2,3,4,4,10,10,10,0,0,0,1,0,0,0,0,1,0,1,0,0,0,0,1,0
0,0,16,0,0,1,4,3,1,2,0,1,1,0,1,0,0,1,0,4,3,3,1,2,3,2,13,13,14,0,0,0,0,1,0,0,1,0,0,0,0,0,1,0,1,0
0,0,16,0,0,1,2,2,1,2,0,1,1,0,1,0,0,1,0,4,3,3,1,2,3,1,12,12,12,0,0,1,0,0,0,0,1,0,0,0,0,0,1,0,1,0
1,0,17,1,0,1,1,2,2,2,1,1,1,0,0,0,0,0,0,4,3,3,2,3,3,6,9,9,9,1,0,0,0,0,1,0,0,0,0,1,0,0,0,0,1,0
0,1,16,0,0,1,3,3,2,2,1,1,1,0,1,0,0,1,0,4,3,3,2,2,4,5,11,10,11,0,0,0,1,0,0,0,1,0,0,1,0,0,0,1,0,0
0,0,17,0,0,1,2,2,2,2,0,1,1,0,0,0,0,1,0,4,3,3,2,3,3,6,10,11,11,1,0,0,0,0,1,0,0,0,0,0,0,0,1,1,0,0
1,0,17,0,0,1,2,2,2,2,1,1,1,0,0,0,0,0,0,4,3,3,1,2,4,4,9,9,9,1,0,0,0,0,0,0,1,0,0,1,0,0,0,0,1,0
0,1,16,0,0,1,3,3,1,2,0,1,1,0,0,0,0,1,0,4,3,3,1,2,5,1,11,10,10,0,0,0,1,0,0,0,1,0,0,1,0,0,0,1,0,0
1,0,17,1,0,1,2,2,2,2,1,1,0,0,0,0,0,1,0,4,3,3,2,3,4,7,9,9,9,0,0,1,0,0,0,0,1,0,0,0,1,0,0,0,1,0
0,1,16,0,0,1,3,3,1,2,0,1,1,0,1,0,0,1,0,4,3,3,2,2,4,7,12,11,12,0,0,0,1,0,0,0,0,0,1,0,0,0,1,0,1,0
1,0,18,1,0,1,2,2,2,2,1,1,1,0,0,0,0,0,1,4,3,3,2,3,3,8,9,9,10,1,0,0,0,0,1,0,0,0,0,1,0,0,0,1,0,0
1,0,17,0,0,1,2,2,2,2,0,1,0,0,0,0,0,1,0,4,4,3,1,3,4,2,10,10,10,0,0,0,1,0,0,0,0,1,0,1,0,0,0,0,1,0
0,1,17,0,0,1,3,2,2,2,1,1,0,0,1,0,0,1,0,4,3,3,2,3,4,9,11,11,11,0,0,0,1,0,0,0,1,0,0,0,0,0,1,0,0,1
0,0,17,0,0,1,3,3,2,2,0,1,1,0,0,0,0,1,0,4,3,3,2,2,4,5,10,9,10,1,0,0,0,0,0,0,1,0,0,1,0,0,0,0,1,0
0,1,17,0,0,1,3,3,2,2,1,1,1,0,0,0,0,1,0,4,3,3,2,3,4,6,10,10,10,0,0,0,1,0,0,0,0,1,0,1,0,0,0,0,1,0
0,0,16,0,0,1,3,3,1,2,0,1,1,0,1,0,0,1,0,4,3,3,2,2,4,4,12,12,12,0,0,0,1,0,0,0,0,1,0,1,0,0,0,0,1,0
1,1,17,0,0,1,3,2,2,1,1,1,1,0,0,0,0,1,0,4,4,3,2,3,4,2,9,9,10,0,0,0,1,0,0,0,0,1,0,1,0,0,0,0,1,0
0,0,17,0,0,1,3,3,2,2,1,1,1,0,0,0,0,1,1,4,3,3,2,3,4,7,10,10,11,0,0,1,0,0,0,0,0,1,0,1,0,0,0,1,0,0
0,1,17,0,0,1,3,3,1,2,0,1,1,0,1,0,0,1,0,4,3,3,2,3,4,6,12,12,12,0,0,0,1,0,0,0,1,0,0,0,0,0,1,1,0,0
0,0,16,0,0,1,3,3,1,2,0,1,1,0,1,0,0,1,0,4,3,3,1,2,3,3,11,12,12,0,0,0,0,1,1,0,0,0,0,0,0,0,1,0,1,0
0,1,17,0,0,1,3,2,2,2,1,1,1,0,0,0,0,1,1,4,3,3,2,3,4,12,10,10,11,0,0,1,0,0,0,0,1,0,0,0,1,0,0,0,1,0
0,1,17,0,0,1,3,3,2,2,1,1,1,0,1,0,0,1,0,4,3,3,2,3,4,10,11,10,11,0,0,0,1,0,0,0,1,0,0,0,0,0,1,1,0,0
0,0,17,0,0,1,3,3,2,2,0,1,1,0,0,0,0,1,1,4,3,3,2,2,4,5,11,10,11,0,0,1,0,0,0,0,0,0,1,1,0,0,0,1,0,0
0,0,17,0,0,1,2,3,2,2,0,1,1,0,0,0,0,1,1,4,3,3,2,3,4,6,11,10,11,0,0,1,0,0,0,0,0,1,0,1,0,0,0,1,0,0
0,0,17,1,0,1,2,2,2,2,0,1,1,0,0,0,0,1,0,4,3,3,2,2,3,6,10,10,10,1,0,0,0,0,0,0,1,0,0,0,1,0,0,0,1,0
0,0,17,0,0,1,3,3,2,2,0,1,1,0,1,0,0,1,0,3,3,3,2,2,3,8,11,11,11,0,0,0,0,1,0,1,0,0,0,0,0,0,1,0,1,0
1,0,17,1,0,1,2,2,2,2,1,1,1,0,0,0,0,1,1,4,3,3,2,3,4,8,9,9,10,1,0,0,0,0,0,0,1,0,0,1,0,0,0,1,0,0
0,0,16,0,0,1,3,3,2,2,0,1,1,0,1,0,0,1,0,4,3,3,2,2,4,5,12,11,12,0,0,1,0,0,0,0,1,0,0,0,0,0,1,1,0,0
0,1,16,0,0,1,3,3,1,2,1,1,1,0,0,0,0,1,0,4,4,3,2,3,4,2,11,11,11,0,0,0,1,0,0,0,0,1,0,1,0,0,0,0,1,0
0,1,16,0,0,1,3,3,2,2,0,1,1,0,1,0,0,1,0,4,3,3,2,2,4,5,11,11,11,0,0,0,1,0,0,0,1,0,0,1,0,0,0,0,1,0
0,0,17,0,0,1,2,2,2,2,0,1,0,0,1,0,0,1,0,4,3,3,1,2,3,5,11,10,10,0,0,1,0,0,0,0,1,0,0,0,0,0,1,0,1,0
0,0,17,0,0,1,2,2,2,2,0,1,1,0,0,0,0,0,0,4,3,3,1,2,4,4,10,10,10,1,0,0,0,0,1,0,0,0,0,1,0,0,0,0,1,0
0,0,16,0,0,1,4,3,1,2,0,1,1,0,1,0,0,1,0,4,3,3,1,2,4,3,12,12,12,0,0,0,0,1,0,0,0,0,1,1,0,0,0,0,1,0
0,0,17,1,0,1,2,2,2,2,0,1,1,0,1,0,0,1,0,4,3,3,2,2,3,6,10,10,10,1,0,0,0,0,0,0,0,1,0,0,0,1,0,0,1,0
1,1,17,0,0,1,2,2,2,2,1,1,1,0,0,0,0,0,0,4,3,3,2,3,4,5,9,8,9,1,0,0,0,0,0,0,1,0,0,1,0,0,0,0,1,0
1,1,17,0,0,1,3,2,2,2,0,1,1,0,0,0,0,1,0,4,3,3,2,3,3,7,10,10,10,0,0,1,0,0,0,0,0,1,0,1,0,0,0,0,1,0
0,1,17,0,0,1,3,3,2,2,1,1,1,0,0,0,0,1,0,4,3,3,2,3,4,6,10,10,10,0,0,0,1,0,0,0,1,0,0,1,0,0,0,0,1,0
0,0,16,1,0,1,2,2,2,2,0,1,1,0,1,0,0,1,0,4,3,3,1,2,3,4,11,11,11,1,0,0,0,0,0,0,1,0,0,0,0,0,1,0,1,0
0,1,17,0,0,1,3,2,1,2,1,1,0,0,1,0,0,1,0,4,3,4,2,3,3,5,11,11,10,0,0,0,1,0,0,0,0,1,0,0,0,1,0,0,1,0
0,0,17,0,0,1,3,3,2,2,0,1,1,0,1,0,0,1,0,4,3,3,1,2,3,4,11,11,11,1,0,0,0,0,1,0,0,0,0,1,0,0,0,0,1,0
0,0,16,0,0,1,3,3,1,3,0,1,1,0,1,0,0,0,0,4,3,3,1,2,3,2,11,12,12,1,0,0,0,0,0,0,1,0,0,0,0,0,1,0,1,0
0,0,16,0,0,1,4,3,1,2,0,1,1,0,0,0,0,1,0,4,3,3,1,2,4,4,12,12,12,0,0,0,0,1,0,0,0,0,1,0,1,0,0,0,1,0
